,time,close,volume
0,570,0.1957859407048368,167766
1,585,0.04687341289698464,111018
2,600,0.638611111111113,103131
3,615,-0.28786331135667403,64463
4,630,0.28703703703703914,50098
5,645,-0.6899123624836797,73382
6,660,0.4547563805104361,76222
7,675,-0.11149307813806983,55542
8,690,-0.2748404527880018,36636
9,705,0.5236329935125226,48181
10,720,0.004633705574343592,31900
11,735,0.0046334908720187685,25283
12,750,0.1849967625566579,35231
13,765,0.16622033428756747,42823
14,780,0.18434878790670903,48507
15,795,0.5773460410557273,39906
16,810,0.4470395036949137,69557
17,825,-0.18279864729001266,73479
18,840,0.10043827611395129,51709
19,855,-0.4309949564419981,50206
20,870,0.09161704076959094,56062
21,885,0.19658940245964357,55723
22,900,-0.21074815595362603,44997
23,915,-0.28025360654232,50279
24,930,-0.4986610028626761,74639
