,time,close,volume
0,570,1.2791472351765407,600629
1,585,0.159638153518697,383531
2,600,0.039893617021278104,332107
3,615,-0.14649087761352966,271919
4,630,0.4375497215592658,285768
5,645,0.38304054946505356,168707
6,660,0.0005283290010530635,179676
7,675,-0.21230972865653192,206183
8,690,-0.2787363950092829,146465
9,705,-0.4265529192215508,185635
10,720,-0.08004268943436803,150286
11,735,-0.6309571754597918,793388
12,750,0.6932409012131852,197705
13,765,-0.10676631522754342,176895
14,780,0.19978689397974358,136728
15,795,-0.2804861760384583,143106
16,810,-0.09746367171989848,126732
17,825,0.017243683999467865,125036
18,840,-0.09365801445010355,132828
19,855,0.10692328254477185,115136
20,870,-0.013367196898798162,114124
21,885,0.10682334089998438,110573
22,900,0.09351641740071918,161660
23,915,0.03987198293105457,241139
24,930,0.13317352510322084,225147
