,time,close,volume
0,570,1.1598477640342542,1243428
1,585,-1.6942592574674211,770229
2,600,0.6418843134113078,524880
3,615,-0.25702811244979373,539947
4,630,-0.3304053509549493,374341
5,645,0.7279999999999973,253106
6,660,-0.0640409862311866,231428
7,675,-0.19249278152068885,390761
8,690,-0.12849341471250467,219844
9,705,0.38400000000000317,144993
10,720,-0.03201024327785392,181046
11,735,-0.12820512820512547,223972
12,750,-0.5640612409347324,199454
13,765,0.19301914106482956,144203
14,780,0.0,197752
15,795,-0.3551251008878109,160901
16,810,0.2897151134717523,152033
17,825,-0.5177155800032361,192765
18,840,0.1292615931491328,231948
19,855,0.3301393026813726,239648
20,870,0.6956660802814685,132927
21,885,0.9190302646173321,207182
22,900,0.04751346214761029,487023
23,915,-0.174520069808027,501651
24,930,0.5522246765541202,451291
