,time,close,volume
0,570,0.6363390197671255,642268
1,585,1.0450160771704196,374911
2,600,-0.2282798442325792,393345
3,615,-0.309806034482764,260620
4,630,-0.24304617877395707,229458
5,645,-0.5430355688297661,289725
6,660,-0.08152173913043788,315733
7,675,0.027166530834026394,164029
8,690,-0.13601741022852085,118702
9,705,-0.19078768056691275,117628
10,720,-0.3007107709130657,91811
11,735,-0.27412280701754776,90202
12,750,0.3550942365473984,87293
13,765,0.5433306166802576,159607
14,780,0.04073319755600969,95458
15,795,-0.2996050660492971,110188
16,810,0.08164376105590973,71236
17,825,0.0,77657
18,840,-0.02722199537225537,97360
19,855,0.20374898125510144,74074
20,870,0.1762711864406718,98738
21,885,0.2502197876513184,102829
22,900,-0.3052503052503168,108408
23,915,0.34475765564795463,126896
24,930,-0.3051261187957805,226855
