,time,close,volume
0,570,-0.897519582245426,790560
1,585,-0.19620667102682238,478404
2,600,0.6981652865725065,245633
3,615,1.5190278221937892,147706
4,630,0.35054174633524354,459867
5,645,0.10346199761242313,345921
6,660,-0.5521766965429032,223991
7,675,-0.3050248836089224,200193
8,690,-0.11250401800064334,133064
9,705,-0.257815017724777,103225
10,720,0.06441223832528042,126430
11,735,-0.04817134175715026,103308
12,750,0.7183393261590062,137084
13,765,0.06521739130435483,241139
14,780,-0.023982732432649402,105891
15,795,0.05592841163310418,86794
16,810,0.12767315671879717,111611
17,825,-0.1598465473145689,74937
18,840,0.01598210004794312,113273
19,855,-0.1921537229783786,83266
20,870,0.09598464245719912,57460
21,885,-0.3290265628761709,79049
22,900,-0.3866913719487666,90493
23,915,-0.217988051025348,137751
24,930,-0.40531776913099876,259615
