,time,close,volume
0,570,1.160049042723761,1482672
1,585,-0.009432182607060097,819951
2,600,-0.2458396369137584,745933
3,615,-1.0510223581119897,648155
4,630,-1.4343865090133645,567494
5,645,-0.6045241809672431,481301
6,660,-0.23455824863175245,475808
7,675,0.23400936037442382,547838
8,690,-0.15624999999999667,712780
9,705,-0.5498821681068365,333035
10,720,-0.0982897582072032,389271
11,735,0.2549019607843187,428942
12,750,-1.1403073872087315,350149
13,765,0.7479578781616033,1531993
14,780,0.20624631703004692,528529
15,795,1.3563262933540068,522773
16,810,1.0923725565350715,862536
17,825,-0.25939091171101547,474103
18,840,-0.6673114119922609,318846
19,855,0.4812319538017324,272460
20,870,-0.5224458204334426,191958
21,885,0.10631100802164825,333338
22,900,-0.3199534613147162,228342
23,915,-0.17482517482518145,592856
24,930,0.3484320557491284,404615
