,time,close,volume
0,570,-0.23014355428650823,1534148
1,585,0.06311156255291983,886219
2,600,0.3206209922375932,705668
3,615,-0.41344720075912544,706130
4,630,0.1319930957457756,730022
5,645,0.1533165474748962,552498
6,660,-0.14677315645199077,442981
7,675,-0.2136607203418556,420016
8,690,-0.016960075981144254,480761
9,705,0.07795553145336842,384697
10,720,-0.12896219371478837,491037
11,735,0.20321072952650746,314443
12,750,-0.1526406838302597,460420
13,765,-0.020356234096692884,268059
14,780,-0.21419828641370714,284675
15,795,-0.020403999183840806,665139
16,810,0.2408657597448789,399518
17,825,0.023741690408354763,294465
18,840,0.21997360316763143,319738
19,855,-0.07450807735294046,375765
20,870,0.0033866160931965953,275768
21,885,0.040622884224781504,291299
22,900,-0.0745307947692833,336985
23,915,-0.1832745044800504,301160
24,930,0.07122265558759924,431885
