,time,close,volume
0,570,0.9037671532208653,2290831
1,585,-0.38522093698254367,1637855
2,600,-0.023660745629419264,1339422
3,615,-0.028091860383468267,1133079
4,630,0.1472650771388555,920910
5,645,-0.13693339419261485,715875
6,660,-0.2604991727391168,567316
7,675,-0.09866450544415684,573300
8,690,0.10591680338932223,659848
9,705,-0.14029254873843078,559137
10,720,-0.21297113992017866,454324
11,735,0.024721005791796164,664042
12,750,0.2817298211015476,605193
13,765,0.03488710623951892,563207
14,780,0.1304011531835622,525177
15,795,-0.04220744961485862,854587
16,810,0.17716788394976318,641283
17,825,0.6506906655504473,485800
18,840,-0.13972334777142453,904968
19,855,-0.022710200373844042,656411
20,870,0.01924755676545981,683654
21,885,-0.05595749886407323,541537
22,900,-0.2172055824041538,697859
23,915,-0.3373633711735159,614537
24,930,-0.18661971830984955,809731
