,time,close,volume
0,570,0.41624095581641024,336876
1,585,0.6553548263478104,311158
2,600,-0.38417051140425945,315415
3,615,-0.5527165045892003,252592
4,630,0.4202615654889789,158104
5,645,-0.7935466946484837,185101
6,660,-0.7665873645255067,161054
7,675,-0.5310900966379295,193674
8,690,0.31748344370860815,169233
9,705,0.6774978622640276,176287
10,720,-0.20432375428420926,147605
11,735,0.4331277070481668,137307
12,750,-0.5543090933086996,141112
13,765,0.3025659885302587,120097
14,780,-0.795689655172404,192595
15,795,-1.857480580884836,186472
16,810,0.18203883495144407,383293
17,825,1.251664447403459,363803
18,840,-0.5266606475603565,223292
19,855,0.3048642156535789,166640
20,870,-0.4423296025735517,168952
21,885,0.10711655620271579,107261
22,900,0.21370847331716428,132087
23,915,0.6043160690571049,115870
24,930,-0.6146445750935245,181144
