,time,close,volume
0,570,-1.960122699386499,1698467
1,585,0.11030763573967815,882332
2,600,-0.8565825329848376,653689
3,615,0.5549579893913328,516880
4,630,0.6369854647612107,559049
5,645,-0.35547928413827684,443235
6,660,0.959087046254712,476112
7,675,-0.598436736687847,650196
8,690,0.20676505018608157,294714
9,705,-0.37937571224701583,324922
10,720,0.14238401292023894,148677
11,735,-0.14816174221569514,166417
12,750,0.8130574601055781,189018
13,765,0.06100274936843709,460731
14,780,-0.5981821509180634,796879
15,795,0.030491523356496495,362028
16,810,-0.45941281663124434,164457
17,825,0.09174929611947752,224641
18,840,-0.14711290915778416,223442
19,855,-0.07361059992637475,137811
20,870,-0.23358323070387965,182461
21,885,0.09214319544002103,184049
22,900,-0.20318847716360175,232657
23,915,0.5996084189916727,253716
24,930,-0.17775053631626847,702229
