,time,close,volume
0,570,-0.9317977864193864,670265
1,585,0.73638577112654,443131
2,600,-0.03564427018355246,313839
3,615,0.4700665188469993,370957
4,630,-0.047324676861198206,276922
5,645,-0.21822786641205663,176143
6,660,0.13061176157137835,507735
7,675,0.16255597097637361,165397
8,690,0.10481251845289677,160621
9,705,0.014760147601479371,113567
10,720,-0.22782413160541506,94821
11,735,0.47410112194115167,76806
12,750,0.04120919553764554,86092
13,765,-0.11486997414395246,86607
14,780,0.020565098258755892,125659
15,795,0.017674610422129283,166856
16,810,-0.2132857069055934,93671
17,825,0.2657147063153173,66341
18,840,0.008831841733404839,63710
19,855,-0.14741435226133617,101359
20,870,-0.1565037649490712,68586
21,885,0.2991173682382162,352809
22,900,-0.11377033718463338,145859
23,915,0.0736311960651489,122443
24,930,-0.0029453345900067466,130257
