,time,close,volume
0,570,-1.5438091062817083,84083
1,585,0.9183990071362197,80505
2,600,0.14252075845829085,93557
3,615,-0.17380509000620803,31638
4,630,-0.41136873597606366,87337
5,645,0.5454996280684326,34578
6,660,0.1485516216885424,47178
7,675,-0.3727634194830978,41143
8,690,-0.15555970381432394,30123
9,705,0.17392384620162812,26285
10,720,-0.4994069542418449,19848
11,735,0.3638625408179182,31048
12,750,-0.10242169721157948,18026
13,765,0.5107318735094623,36230
14,781,-0.23283248478827767,35957
15,795,-0.24273355324579252,15660
16,810,-0.08409381131839842,19235
17,825,-0.20911360799001746,21138
18,840,-0.1249999999999929,25973
19,855,-0.004687719736858402,34053
20,870,0.14822442738562253,22072
21,885,0.015600137281211623,20520
22,900,-0.13121309631666592,30436
23,915,-0.2254438425650407,41458
24,930,0.4178229553178807,48205
