,time,close,volume
0,570,0.09919740283163443,29754
1,585,-0.18521028142927976,13845
2,600,-0.21276595744680799,13895
3,615,0.12659372456822549,12399
4,630,-0.7470164890225084,10265
5,645,0.33593608135101194,24041
6,660,0.1993475897064143,13955
7,675,-0.31815289519134105,11639
8,690,0.00908925649881013,29882
9,706,-0.17755520145685696,11206
10,720,-0.05922011661807372,12820
11,735,0.16372566854647316,15609
12,751,-0.09104151493080327,5026
13,765,-0.08200455580865915,7470
14,780,0.02732738203680191,14771
15,795,-0.5311355311355296,12051
16,810,0.009156670634548947,23547
17,825,-0.013736892714868418,19904
18,840,-0.23407380209289097,30761
19,855,-0.23923444976075717,20459
20,870,0.202020202020201,20760
21,885,0.26102486605302616,17598
22,900,-0.022902161964094617,18749
23,915,-0.036656891495593875,17525
24,930,-0.045842119739627187,34507
