,time,close,volume
0,570,0.36224510562089884,393080
1,585,-0.9387646104229562,134663
2,600,0.08517625327108018,128303
3,615,0.06153530588174033,101291
4,630,0.44673131817900713,75574
5,645,-0.38593362441834245,137233
6,660,-0.028706760442081317,104838
7,675,-0.10879382543722241,68960
8,690,-0.19538882375929031,50620
9,705,-0.22262074083235095,60597
10,720,0.09781612627547548,49271
11,735,0.16139312074671935,64211
12,750,-0.16474803846866934,34704
13,765,-0.09894663066107921,52645
14,780,-0.09697920105645991,51968
15,795,-0.26481297583581026,67040
16,810,0.20439764633013502,76922
17,825,0.159752641071884,43889
18,840,0.05459527390345627,74416
19,855,-0.12789570311694298,50683
20,870,0.23769100169779897,46406
21,885,0.19204699502937236,47846
22,900,-0.18520042801877398,61126
23,915,0.350646953882756,76395
24,930,0.2903351121470403,119722
