,time,close,volume
0,570,-0.6041087395731195,475235
1,585,0.14581335890059952,242661
2,600,-0.2924796666533073,246586
3,615,-0.04609680328690614,189273
4,630,-0.3156540271020132,231979
5,645,-0.30451529634783125,224381
6,660,0.4237117956544466,208885
7,675,-0.26779422128260166,132875
8,690,0.5506607929515419,100902
9,705,0.3133920194822145,107265
10,720,0.1474955651671189,117103
11,735,0.17177593795771443,180458
12,750,0.16719803740452768,119962
13,765,-0.48203592814371665,259148
14,780,-0.1119015266565427,120541
15,795,-0.07799220077991928,115834
16,810,0.28913260219341747,87316
17,825,-0.21225415026603078,215359
18,840,-0.0705480068388378,68607
19,855,0.12681738296853484,68848
20,870,-0.5098558753864106,71417
21,885,0.3301122381609702,588238
22,900,-0.19846042819341053,144058
23,915,-0.12820119096436955,142135
24,930,-0.04042168674698863,279323
