,time,close,volume
0,570,0.15816826090231825,2080279
1,585,0.06397952655148811,981780
2,600,-0.10548920619371312,817311
3,615,0.3042367788461547,594246
4,630,0.3033139861449175,508276
5,645,-0.6241675097543813,647163
6,660,0.2729971441454935,597660
7,675,-0.07144737336893081,522255
8,690,0.01879840589518436,460539
9,705,-0.19966095309852308,467532
10,720,-0.2568266797597941,525522
11,735,0.1960119114930976,566154
12,750,0.10167193854495474,512939
13,765,-0.07159814598485048,337743
14,780,-0.09429692214846107,448599
15,795,-0.154886479543661,299880
16,810,-0.05669791351677399,417478
17,825,0.011338296987782123,378125
18,840,0.10631566389149529,372011
19,855,0.09746162260023183,376296
20,870,-0.1473143461509354,359685
21,885,-0.00377743361160084,382213
22,900,-0.06804006804007061,635277
23,915,0.08686456681016745,522046
24,930,0.0528461422316334,719898
