,time,close,volume
0,570,0.07420988301030902,103354
1,585,-0.10706404177682807,482386
2,600,-0.015297202797201304,80500
3,615,0.12266403586503355,52780
4,630,0.5120298792669166,54047
5,645,0.22099926333579725,46954
6,660,0.2722558340535849,51632
7,675,-0.04954917171598199,46923
8,690,0.10133033863165183,26558
9,705,-0.1774046990610517,38431
10,720,-0.1603102364955208,32522
11,735,0.08872242308773984,40949
12,750,-0.18001995401899623,20486
13,765,-0.15640613459617397,26598
14,780,0.06729621187452563,38159
15,796,-0.05864720448324901,27737
16,810,0.03040041692000051,42335
17,825,-0.14787752261656378,37441
18,840,-0.1393728222996486,35856
19,855,0.09572709076668648,63396
20,870,-0.10453872288526034,76230
21,885,-0.026141512722203848,33558
22,900,-0.061034091899910534,49385
23,915,-0.026164311878598585,72295
24,930,-0.05672149744753063,92950
