,time,close,volume
0,570,0.14617545622729972,152781
1,585,-0.24498580456085564,76784
2,600,-0.2110866372980947,72136
3,615,0.12145656209180959,73886
4,630,-0.20437218701202958,80418
5,645,0.4389574759945037,66999
6,660,0.468757110999864,48617
7,675,0.1408834757316862,46517
8,690,0.020446645614201744,46206
9,705,0.043373504919821254,26293
10,720,-0.027485008177353464,27811
11,735,0.1723356009070274,34008
12,750,-0.004535353077232938,22137
13,765,-0.27514382518135305,28280
14,780,0.07498295841855053,26853
15,795,0.1288952227073406,41063
16,810,-0.1882502728264895,298489
17,825,-0.14567388630514733,93496
18,840,-0.15968072976054623,86153
19,855,-0.0999858467522835,88536
20,870,0.031492469192144414,66686
21,885,-0.08222181618856515,75554
22,900,0.031964929905484996,80062
23,915,-0.009133671279175335,72766
24,930,0.15047879616963633,136978
