,time,close,volume
0,570,0.5998636809535571,12278086
1,585,-0.6590657960823799,3057182
2,600,-0.8918617614269742,2631388
3,615,-0.6528613689686836,3598641
4,630,0.09172441907868265,3032342
5,645,0.314944630702024,2415300
6,660,-0.4285277012549757,2046743
7,675,-0.39950829748002514,1935669
8,690,0.2867190939390586,1861672
9,705,0.32508654041946483,1390043
10,720,0.14131904553726227,1646385
11,735,0.2343036819150104,1326937
12,750,-0.020290149132606506,1558398
13,765,0.2731687575880314,1379226
14,780,-0.23608823696443815,1801956
15,795,0.028184721447761095,1259582
16,810,0.4290329093478671,1585578
17,825,-0.18203883495146322,1347795
18,840,-0.3755963861536802,1606128
19,855,0.06087044739777627,1146710
20,870,-0.035520373471351896,1028444
21,885,0.11657374556513844,1491808
22,900,0.3073141992095236,1232537
23,915,0.031216851038038687,1455138
24,930,-0.035371399696813126,1801907
