,time,close,volume
0,570,0.09099493518758459,32991
1,585,0.6566604127579583,22609
2,601,0.40429435346877685,33542
3,616,0.3234054081511847,20750
4,630,0.41312559017940303,20435
5,645,-0.059052793197102875,22255
6,660,0.1028147648744143,28587
7,675,-0.020229947064972612,35247
8,690,0.0673877152195308,22903
9,705,-0.06405933917734245,18447
10,720,0.02696508022110829,20829
11,735,0.33258306177982633,17041
12,750,0.0386184663431701,19291
13,765,0.21947460125987558,36485
14,780,0.06362388239627557,15038
15,795,-0.12237439860527018,10632
16,810,0.21882174809171717,27014
17,825,-0.0834030870191176,18944
18,840,0.1103678929765833,27203
19,855,0.09021953419988031,18200
20,870,0.30481203257991585,30130
21,885,-0.061666666666667425,39960
22,900,0.44468042742416375,25405
23,915,-0.14955631626175303,60781
24,930,-0.0698416921644205,76202
