,time,close,volume
0,570,1.0706282679060437,893947
1,585,-1.7651167524351756,753104
2,600,0.9245638257813487,708403
3,615,-0.5849675953202534,366432
4,630,-2.061678549952758,381705
5,645,-0.6571552096843847,737633
6,660,0.18125323666493506,790421
7,675,-0.7478260869565213,393955
8,690,-0.022265826131727742,296245
9,705,-0.20428795537738184,304257
10,720,0.9923203037363066,251842
11,735,1.0140317670733534,321793
12,750,-0.3619219064763651,316185
13,765,-1.9979015476086357,187290
14,780,0.3137801795519911,424924
15,795,0.8812095032397373,286595
16,810,0.033163943883839635,198812
17,825,0.28986006458557956,131709
18,840,0.6672084170908011,307482
19,855,1.370960938159116,261793
20,870,0.3530895334174037,467536
21,885,-0.16842105263158133,463715
22,900,-0.08428150021069895,409249
23,915,-0.3128170443016609,703303
24,930,1.3346680013346632,513878
