,time,close,volume
0,570,0.01884119563677713,560094
1,585,-0.014168319637298267,417360
2,600,0.014166312508861193,354989
3,615,-0.2941051106091071,296938
4,630,-0.20358769931662968,375598
5,645,0.042692471894124284,269939
6,660,-0.01423284941644023,174513
7,675,-0.29978586723769873,147332
8,690,0.17101325352715482,195124
9,705,0.08543357539513352,176303
10,720,0.1563832812055721,157473
11,735,0.08522727272727595,191741
12,750,-0.11376564277589948,230331
13,765,-0.07115411982353374,1006154
