,time,close,volume
0,570,0.6215083798882587,286895
1,585,-0.23799524009518055,267959
2,600,0.22349490152255425,186823
3,615,-0.39265180199130717,119760
4,630,-1.335796504192124,136688
5,645,-0.571673574389032,217561
6,660,0.3985765124555177,155562
7,675,-0.07122507122506717,87979
8,690,0.4949737204674131,61363
9,705,0.255619963240499,107610
10,720,-0.3120124804992183,95950
11,735,0.04252906152537728,42083
12,750,-0.028360748723780815,33091
13,765,-0.09225746930664641,86809
14,780,-0.4276245456489162,43702
15,795,-0.07374831142042779,45567
16,810,0.06657163221668039,67291
17,825,-0.028518465706559578,140269
18,840,-0.08562865705723174,58505
19,855,0.2278228677203628,50510
20,870,0.11378182335371682,59457
21,885,-0.15669515669515588,51557
22,900,0.1635497404536655,84467
23,915,0.021328025024883505,77185
24,930,0.49518958687041387,157840
