,time,close,volume
0,570,-1.295909981667622,201309
1,585,-0.34889621923370423,225760
2,600,0.0,139261
3,615,0.34138323429006223,149926
4,630,0.20189274447949096,90220
5,645,0.13860887096774122,67230
6,660,0.4016064257028205,73278
7,675,0.306537378792606,76289
8,690,-0.031289111389225875,67898
9,705,-0.3642758447431306,78349
10,720,0.21933947483862526,104518
11,735,0.22509848058526455,71000
12,750,0.018754688672168753,82318
13,765,-0.06255473539346572,82122
14,780,0.6340129288910877,59027
15,795,0.47633776678008677,114420
16,810,-0.5661316411596345,100869
17,825,-0.13081666978135423,186161
18,840,-0.16847622613254104,153005
19,855,0.06422927982141058,83868
20,870,-0.3285831011187669,159749
21,885,0.24477313861324507,87450
22,900,0.180662845751321,58934
23,915,-0.19975031210987615,65479
24,930,-0.15003750937733223,119075
