,time,close,volume
0,570,0.1652502360717609,1030895
1,585,-0.2603550295857975,539206
2,600,-0.023674242424243323,525489
3,615,0.11823126034523974,364634
4,630,0.08662781540400018,447733
5,645,-0.055157198014346695,265151
6,660,0.11805446245868542,345974
7,675,-0.024403876280224134,514111
8,690,-0.0070854983467173215,405113
9,705,0.12109393429475408,282304
10,720,-0.2791357829995375,210892
11,735,0.055165891717241226,315010
12,750,0.07087730351236685,394794
13,765,0.016062941534038547,267134
14,780,0.031171284634766358,217867
15,795,-0.10243479631235496,289514
16,810,0.07873395795607316,197238
17,825,-0.29850274812053834,180130
18,840,0.11673765578166598,361521
19,855,-0.00788830164865908,227912
20,870,0.05518763796910074,231007
21,885,0.031525851197976074,202155
22,900,0.023638799149004127,188422
23,915,0.12591485008262893,240592
24,930,0.023603461841070917,325691
