,time,close,volume
0,570,0.2232667450058839,64271
1,585,0.460074859638181,33615
2,600,0.36903235831099274,37566
3,615,-0.23361756804112557,53187
4,630,0.11659480931420813,37696
5,645,-0.02326214649706136,24230
6,660,0.2212389380530947,28276
7,675,-0.2607308246098607,40228
8,690,0.12437327529246887,21987
9,705,-0.031102989774908024,24397
10,720,0.14752125470709093,24569
11,735,0.3751547029703076,50276
12,750,-0.17434427182208695,22737
13,765,0.0019371210506926961,25670
14,780,0.013558008909536382,18986
15,795,0.3858769052672198,15588
16,810,0.11997935722977454,15398
17,825,-0.04677257654045627,50918
18,840,-0.2318930200200842,20845
19,855,0.05407911001235567,40858
20,870,-0.09666318679194216,16628
21,885,-0.03674550834508691,19202
22,900,0.052190049097301926,21304
23,915,0.2048603207549376,30247
24,930,-0.1588160284400484,66783
