,time,close,volume
0,570,0.23517491418985742,232228
1,585,0.45072338881582913,160987
2,600,0.18108560822127634,149070
3,615,0.3984243390556862,223587
4,630,-0.4727948171974802,183436
5,645,0.31162496612772006,178875
6,660,0.038373851606062145,235951
7,675,0.6080050255766033,272420
8,690,0.17022039061099956,314935
9,705,0.08950948800572352,221986
10,720,0.4189321686424805,180837
11,735,0.5936558568137531,157553
12,750,0.791139240506334,199436
13,765,0.19301631865239416,337636
14,780,0.29749799029216434,348407
15,795,0.06984265734266537,174931
16,810,0.24424464227009768,233375
17,825,-0.1135748581405489,202092
18,840,0.19168772327263123,237348
19,855,0.31269000260574953,150082
20,870,0.9463993805385946,184940
21,885,0.42407367744698254,506180
22,900,-0.02407947426195118,626400
23,915,0.10110002996190413,430130
24,930,-0.7373232149016937,503922
