,time,close,volume
0,570,0.72054077469624,486183
1,585,-0.9887410958441641,242862
2,600,-0.06291724903829866,169346
3,615,-0.5290653414799031,196022
4,630,-0.0545068685733268,178500
5,645,-0.2462396998004588,131353
6,660,0.3032030721982055,134236
7,675,0.09077684931642654,143646
8,690,-0.17659487690756817,123133
9,705,-0.18017609020721412,73856
10,720,0.37314171187241585,83117
11,735,-0.41271760635143495,123185
12,750,-0.5020839335993972,156742
13,765,-0.023683429588876415,351039
