,time,close,volume
0,570,-0.23283265929214997,360561
1,585,-0.11670028464206643,159848
2,600,0.20631659843636901,130293
3,615,-0.26643668350049304,114758
4,630,-0.1784362335406607,110709
5,645,0.08424824754744721,87197
6,660,-0.22536651790890574,87382
7,675,0.016795606388277397,72165
8,690,-0.0903021178598801,80637
9,705,-0.1558537537510696,58341
10,720,0.3330932527454619,64653
11,735,0.3888972713582849,161669
12,750,-0.11818440321320099,102699
13,765,-0.1538167163320111,138686
14,780,-0.01617042740368427,68248
15,795,0.10788413717882604,58644
16,810,-0.024012949205199408,59115
17,825,-0.09435904764512125,29422
18,840,0.06375457793988668,87307
19,855,-0.09349955476402763,40887
20,870,-0.037413814605647064,53695
21,885,-0.03891362660147235,43086
22,900,0.19300669445647473,36029
23,915,0.28174677085087957,58004
24,930,-0.10595195463598778,114997
