,time,close,volume
0,570,0.3920007833698123,248667
1,585,-0.16103925687818427,180591
2,600,0.35247012831426877,113356
3,615,-0.4032717557831904,145919
4,630,0.17852572508302522,97051
5,645,-0.11950209306611512,81939
6,660,-0.1243670588074259,53922
7,675,-0.10546391948708436,56950
8,690,-0.20716432706544682,76515
9,705,-0.18654103266060124,78863
10,720,0.2575003730739107,104168
11,735,-0.34504951125952255,101003
12,750,0.4225888324873148,74306
13,765,0.12674271229404308,87616
14,780,-0.25858837432413995,64959
15,795,-0.07738856850478387,44626
16,810,-0.020217566196789532,80594
17,825,-0.029899645339315002,43470
18,840,0.08136256876884912,41364
19,855,-0.06074097630783446,51056
20,870,-0.06284755093435722,47924
21,885,-0.368093260939,53060
22,900,-0.14841540961373204,109194
23,915,0.23390954433909952,202398
24,930,-0.1396469520534778,150397
