,time,close,volume
0,570,0.5970991325607005,304222
1,585,0.5493991677187129,248159
2,600,-1.0345804988662122,232592
3,615,-0.3127665624111442,144737
4,630,0.8644179272761454,121480
5,645,1.0275724182824102,122084
6,660,1.185389386629916,87891
7,675,0.5028571428571402,156189
8,690,0.06852444038373946,115484
9,705,-0.551217271474514,132834
10,720,-0.23943272861220272,64579
11,735,-0.11062966718908875,68819
12,750,0.8885944674143926,48100
13,765,0.29835109774984114,46261
14,780,-0.18710354584036717,109894
15,795,0.03193430656933995,42362
16,810,-0.32954961552544804,47749
17,825,-0.16045477467564953,43207
18,840,-0.018341051859320483,37214
19,855,-0.041284403669726334,49035
20,870,0.15279370651149887,41615
21,885,-0.2726187195737948,43712
22,900,0.10551910813414221,45801
23,915,-0.655737704918027,48312
24,930,-0.009236595390943625,89501
