,time,close,volume
0,570,1.7482864805801184,642949
1,585,0.7541775521269783,387783
2,600,0.6513222331047914,599090
3,615,-1.6173177407315256,505121
4,630,-0.5504128096072026,321538
5,645,1.0675888807593403,331405
6,660,0.14009590192298202,204400
7,675,-0.32733224222585755,314571
8,690,-0.47339047239385523,209680
9,705,0.6829654558052042,139987
10,720,0.15126051250678177,148538
11,735,0.5083087512291135,176221
12,750,0.3136639874534338,150249
13,765,-1.0049007474877487,132223
14,780,-0.8218067770860238,181223
15,795,0.2600978963680276,130646
16,810,0.15115065361101715,129730
17,825,-0.4393190554640285,127802
18,840,0.4571882920041681,109493
19,855,0.22807278496703257,127782
20,870,-0.35321905004525556,91449
21,885,0.002437992885051399,119828
22,900,-1.3872424143062527,189309
23,915,-0.647339561332253,201250
24,930,0.344059906901426,263216
