,time,close,volume
0,570,-1.2828947368420978,293045
1,585,-0.8693343951158021,137559
2,600,-0.04647457177001273,145790
3,615,-1.0059012875536482,133101
4,630,0.49047412498747806,85149
5,645,-0.48615302085428436,79151
6,660,0.22747039539707192,73044
7,675,-0.39629231595916403,173918
8,690,-0.5945945945945915,50602
9,705,-0.5673903441715136,95675
10,720,0.29471544715447306,122469
11,735,0.4921458909189093,178018
12,750,-0.7402879652268428,105362
13,765,-0.018544595676865356,109966
14,780,-0.008627717391320443,102951
15,795,0.11535590690100828,109002
16,810,0.5332073434125216,100096
17,825,-0.4202930868192319,66362
18,840,-0.46979911474293123,61186
19,855,-0.0886041439476523,120180
20,870,-0.0545553737043184,99916
21,885,-0.21869874248222607,82023
22,900,0.30660216665532264,139588
23,915,0.4071384949446932,132928
24,930,-0.9521852308535518,181351
