,time,close,volume
0,570,-0.4606183314906814,11670
1,585,0.518127849040595,8693
2,600,0.39070749736008925,9247
3,615,0.13179018142583768,4715
4,630,0.1839794315248181,2089
5,646,-0.39073232590087614,6141
6,665,-0.22665649889849035,2407
7,677,0.22719827540657686,4779
8,690,-0.20383635911200987,2753
9,707,-0.22179890586281706,3611
10,722,0.1504691564720358,2503
11,735,0.16027845074743569,3000
12,751,-0.0672245777290787,4193
13,765,-0.10597767050482462,4420
14,781,0.0937023547348796,3443
15,796,-0.43919817089381563,2201
16,812,0.7488561341291607,4538
17,828,-0.7151456202313742,5686
18,840,0.006643423542167138,11459
19,856,-0.1559647189707306,4573
20,870,0.022883782316681547,5066
21,889,0.17372086722306834,1452
22,902,-0.3106847855049255,3041
23,915,0.12029210756030526,6008
24,930,0.012772751463544922,9146
