,time,close,volume
0,570,-0.5353717837623392,41178
1,585,-0.01563451467543952,25420
2,600,-0.05788271134805719,30533
3,615,0.5076911419261988,10065
4,630,0.05982627660943768,16341
5,646,0.08077590267543273,9325
6,660,0.23458761271718306,10433
7,675,-0.2782004405786535,10161
8,690,0.23562997031967822,5523
9,705,-0.037019688430214796,8652
10,721,-0.2575328354365078,9738
11,742,-0.2951376359361402,3798
12,751,0.27236292833711084,9825
13,765,0.3089077204271777,21952
14,781,-0.21268382770338895,5274
15,796,0.279264251911454,3842
16,810,-0.0325335446969352,10774
17,826,-0.06339336979842833,10474
18,840,0.14168046001638068,10569
19,855,-0.1570150516834896,9789
20,871,-0.027209239048290906,7744
21,888,-0.35269221725839545,6093
22,900,-0.03793828200283778,7950
23,915,0.3381046794350049,12264
24,930,0.140372736471686,11701
