,time,close,volume
0,570,-0.16964761766273778,78240
1,585,-0.07518614634619637,67533
2,600,0.09934095754991883,51683
3,615,0.27545546803266474,101631
4,630,-0.07254086468710982,58286
5,645,0.019340489314375806,32124
6,660,-0.2666408105880559,48353
7,675,-0.5116460383978225,51059
8,690,-0.34717128746760945,63837
9,705,0.3069129509855779,35021
10,720,0.029434697855744218,41562
11,735,-0.32758030606756344,27653
12,750,0.10256911204454817,42208
13,765,-0.05864529371518158,57842
14,780,-0.10763209393346324,40902
15,795,-0.45706983830540465,36894
16,810,0.6081625674718533,46792
17,825,0.5610336620197217,47743
18,840,-0.28741231488698527,27602
19,855,0.24297793760326564,24613
20,870,-0.024303699022996828,23007
21,885,-0.09730939522210316,25904
22,900,0.1554529997571014,30017
23,915,0.029138944198922965,37547
24,930,0.5025368446484619,61808
