,time,close,volume
0,570,0.0,88172
1,585,0.6139466691102398,45030
2,600,-0.30699658075663794,52791
3,615,0.8890433910602971,33398
4,630,1.8526519080147394,49293
5,645,2.5154711060751245,196954
6,660,-1.401753517641227,255266
7,675,0.8482893998878152,185755
8,690,-0.05611672278337829,95622
9,705,0.34253757427473547,76364
10,720,0.32400794342053096,49697
11,735,-0.7122807017543764,89841
12,750,0.5582693649686052,56398
13,765,0.04708180026853746,34363
14,780,-0.22895693512305285,49315
15,795,0.09080114549137072,27392
16,810,-0.03144104803492576,40138
17,825,0.09597766338015087,30387
18,840,-0.21510265468152645,37961
19,855,0.17108938547484367,43795
20,870,0.010473763223136388,43156
21,885,0.11507881154972244,31702
22,900,-0.4342953208181595,39656
23,915,-0.30740044616979045,45115
24,930,-0.008783641346348557,64318
