,time,close,volume
0,570,1.407362637362633,207497
1,585,0.3885939466914826,120609
2,600,0.8465838172247258,96671
3,615,0.6791354497924814,84136
4,630,0.013473094230824113,86804
5,645,-0.6547399483585358,64603
6,660,0.3524324324324253,192579
7,675,-0.17598483822931563,81280
8,690,0.3641758834637081,41066
9,705,-0.31118928426464004,50061
10,720,0.12971921195577693,31825
11,735,-0.3798118383777203,12601
12,750,-0.005425790246013103,21002
13,765,-0.09226923391281788,27486
14,780,-0.6394938922744805,23133
15,795,0.22086491792550644,49086
16,810,0.06812174718657184,23175
17,825,-0.43376527414787336,22899
18,840,-0.4025388800351638,28745
19,855,0.07358432544041567,31911
20,870,0.21695896355040048,21321
21,885,-0.8872273971088214,23416
22,900,-0.2841184704724777,38977
23,915,0.13425605536332558,39055
24,930,0.11336614499807139,61310
