,time,close,volume
0,570,-0.867117628365191,110896
1,585,0.12846477042590196,60478
2,600,-0.11499470419125297,36737
3,615,0.38135146134482506,47851
4,630,-0.46185529543595427,42642
5,645,0.0015142567270841328,49126
6,660,-0.3281527733466977,30676
7,675,0.16229334142271143,74438
8,690,-0.06602262982552502,25984
9,705,0.28437639993704356,20508
10,720,-0.1370029097963137,24613
11,735,-0.09708737864077463,19448
12,750,0.11125351588082374,15888
13,765,0.1280002421380702,17775
14,780,0.29273297923709174,20565
15,795,-0.15112132019585323,23844
16,810,0.01510984859932047,18612
17,825,0.05738447598912646,38481
18,840,-0.10279356633209331,17347
19,855,-0.05747648001935981,24815
20,870,0.0,36204
21,885,-0.12114971075505869,15797
22,900,0.09984871406958672,21637
23,915,0.2785863275152904,37027
24,930,-0.04325645979232391,42582
