,time,close,volume
0,570,0.5748951196692017,320269
1,585,-0.4334646862685683,121293
2,600,-0.3711816964828923,172628
3,615,-0.9583486914854419,230902
4,630,0.4890573419733533,130731
5,645,-0.16532974098341205,144995
6,660,0.10093286435234258,80440
7,675,0.13744654856444372,116240
8,690,-0.6146281499692686,146447
9,705,0.3124808528889279,181627
10,720,-0.09812940815700495,140279
11,735,-0.26133743274405,110791
12,750,-0.011623180188198436,95188
13,765,0.8197011283927971,85686
14,780,0.4372381125888133,97136
15,795,-0.3656975681111686,116737
16,810,0.7441016333938404,126746
17,825,0.12084592145014418,87278
18,840,-0.05441025330995913,130775
19,855,0.2893483633733135,93448
20,870,0.7300580455987237,72843
21,885,0.36370140710707444,126150
22,900,-0.49131216297183533,102701
23,915,0.1435921981572219,99053
24,930,-0.7838880849010991,181768
