,time,close,volume
0,570,-0.460565924142092,310438
1,585,-0.6422685409597687,125616
2,600,0.2779456193353522,140514
3,615,-0.5773321178972888,178485
4,630,0.7299710424710302,116918
5,645,-0.7108572817303527,164686
6,660,0.12136658777837772,201286
7,675,0.1272727272727321,108467
8,690,-0.4382761139517889,167409
9,705,-0.5816445233576125,90963
10,720,0.1650366748166148,133308
11,735,-0.8196216182904937,74468
12,750,-0.4612289119331401,161181
13,765,0.046410891089101874,140779
14,780,-0.5775741884086818,93428
15,795,0.4356312935708771,107023
16,810,0.5024970713360859,103091
17,825,0.16674781439719444,122357
18,840,-0.5514018691588886,150007
19,855,0.3269586674892049,115140
20,870,-0.06790542626087116,120847
21,885,0.049361387054966434,76521
22,900,0.3382117820686332,90031
23,915,0.5199730837462496,129262
24,930,0.32317073170731775,224561
