,time,close,volume
0,570,-0.25845296616510127,420676
1,585,-0.0881473501063014,172465
2,600,-0.17940058081538787,167619
3,615,0.5383658629927214,166377
4,630,-0.2926642038094253,92079
5,645,-0.09124087591240766,86823
6,660,0.7955790576913856,82905
7,675,-0.3202064614796346,92285
8,690,0.1598473100321983,91336
9,705,-0.38030280533189453,107878
10,720,0.26636272526901766,57819
11,735,0.2864627988949147,56057
12,750,-0.1526571891995006,60047
13,765,-0.07638689964670896,56980
14,780,-0.2200956937799081,56108
15,795,-0.1485456897790993,58478
16,810,0.024623768931319328,93357
17,825,0.15239644121305057,46596
18,840,-0.12931653814838368,54433
19,855,0.05265677357588016,54934
20,870,-0.4713351288957379,38890
21,885,0.06248497957222969,53636
22,900,0.16794625719769402,73203
23,915,0.28708133971291594,76088
24,930,0.40030499428135885,127555
