,time,close,volume
0,570,-0.5038937242327046,222984
1,585,-0.1559919251238775,61028
2,600,0.12829912023460463,56001
3,615,-0.16522856618322637,50840
4,630,-0.5677359796907407,51877
5,645,-0.3845797423779133,70020
6,660,0.1849967625566579,34185
7,675,0.21689971849185422,35048
8,690,0.1290500990920409,25791
9,705,-0.04149760236075406,28940
10,720,0.46810463515374495,25309
11,735,-0.03672757322560486,19501
12,750,0.18330125561360355,43144
13,765,-0.00916590284143457,25032
14,780,-0.3356784843886466,24681
15,795,-0.29886266153803404,29941
16,810,0.17862897656645882,21259
17,825,0.21591326718118287,25080
18,840,-0.07815732609995675,28565
19,855,-0.42416292805851447,28511
20,870,-0.19952812731309824,30834
21,885,0.30899783240327255,38283
22,900,0.3996325218190061,55740
23,915,0.041324211396300756,72915
24,930,0.3887669227954603,98420
