,time,close,volume
0,570,-0.518763796909491,62195
1,585,-0.003421750633839814,40767
2,600,0.48670913884007155,47998
3,615,-0.43022614451185937,69542
4,630,-0.5100343718815922,51233
5,645,0.1991811441850247,45980
6,660,0.14364640883977398,39700
7,675,-0.0718748272239705,42790
8,690,0.03868685752182667,46007
9,705,0.1545083324136415,38888
10,720,-0.09942554131683982,33795
11,735,-0.07739082365947283,42735
12,750,0.13249420337859152,36892
13,765,0.19834710743802403,29025
14,780,0.23087071240104856,32189
15,795,-0.2921881029825245,19158
16,810,0.19258281060857418,28988
17,825,-0.29524571617780776,36007
18,840,-0.052454309535640696,39926
19,855,0.1047986762272464,92017
20,870,0.2421041047650477,33984
21,885,0.05499340079190185,47848
22,900,0.06594856012310647,53817
23,915,-0.22031284423882225,45197
24,930,-0.09923916639100608,58929
