,time,close,volume
0,570,0.34067805923402633,129984
1,585,0.28127340139905455,141272
2,600,0.051114478175938366,149870
3,615,1.1539467867228421,143592
4,630,0.7157189437099153,95959
5,645,1.0301601092218051,61302
6,660,-1.005343349038394,55351
7,675,-0.6355591601333633,49680
8,690,-0.797514805798784,39189
9,705,-0.043618916069937314,50393
10,720,1.0715955266280563,40367
11,735,-0.9932632419966794,27335
12,750,-0.1545848034045071,23327
13,765,1.0046089586634093,24588
14,780,0.6368515205724411,21263
15,795,-0.6681374899849631,35664
16,810,0.4857523399624847,18096
17,825,0.21630514475778742,17009
18,840,0.1642475853819576,19345
19,855,-0.2954268200424693,55487
20,870,0.6961121631593433,20723
21,885,0.43815391151946864,38656
22,900,0.3809322258081527,67188
23,915,-0.468651718241977,45064
24,930,-0.36187427758512813,58933
