,time,close,volume
0,570,-0.010753844499398757,31378
1,585,0.3037667071688821,15828
2,600,0.10353075577452446,27237
3,615,-0.042858673524056055,45451
4,630,-0.04323451329013963,27277
5,645,0.6076425882519909,20576
6,660,-0.15294326871776875,22815
7,675,-0.40712831684582207,18546
8,690,-0.10009652164586305,20182
9,705,-0.16112861644229645,12826
10,720,-0.087802605407905,13177
11,735,0.17351173440181628,12717
12,751,0.2106315376102359,36852
13,765,-0.18957006938980955,29811
14,780,0.0178807710188504,24568
15,795,0.20342612419699974,29263
16,810,-0.0035690067454195026,38600
17,825,0.13152313773574476,11533
18,840,0.0021385418708576645,17447
19,856,0.3427698646680549,11475
20,870,-0.003552145495876281,27958
21,885,-0.1797057096596251,28858
22,900,0.04446183396172725,21534
23,915,0.03555681979804535,18996
24,930,-0.2888421352922306,27288
