,time,close,volume
0,570,0.12389974638221703,81994
1,585,-0.31803045609309794,23670
2,600,-0.1836719394257475,22385
3,615,0.30642750373693944,26449
4,630,-0.3036095805689877,22593
5,645,0.08239391783078179,18921
6,660,-0.330665464246795,18483
7,675,0.3818079730488422,17986
8,690,-0.022464337863642322,23152
9,705,0.15327102803739254,14893
10,720,-0.01495550736559503,12651
11,735,0.08965259618976806,10247
12,750,0.0,13222
13,765,0.1529223080079165,17713
14,780,0.18985928076836828,12458
15,795,-0.026065909514054433,19279
16,810,-0.08385353582410239,14252
17,825,-0.09512440780393011,12211
18,840,-0.17189193228951816,15589
19,855,-0.14969499644475662,17898
20,871,-0.1349072512647393,12305
21,885,0.23180169738662446,17613
22,900,-0.033659959608060376,26639
23,915,-0.037413947919793,16804
24,930,0.0934474638358315,26727
