,time,close,volume
0,570,-0.0968869792324943,438147
1,585,-1.266956744305093,342929
2,600,-0.05121638924454806,242839
3,615,0.12787723785165514,295445
4,630,0.9708737864077718,183775
5,645,0.20430945510457074,156911
6,660,0.6674198677713612,187613
7,675,-0.3452332865016308,289721
8,690,-0.4715659804252518,270931
9,705,0.0,224716
10,720,-0.31740657666426847,171716
11,735,-0.14834279901669675,92408
12,750,-0.3999999999999991,151992
13,765,-0.051089918256132724,145461
14,780,0.3056027164685904,98443
15,795,-0.32362459546925176,109248
16,810,-0.6428387760349704,147911
17,825,-0.11584502509975983,131257
18,840,-0.8480810003894161,179441
19,855,0.5443786982248462,216347
20,870,0.28535873669755923,188419
21,885,-0.1891659501289758,166320
22,900,-0.12052341597796193,243525
23,915,0.3175148030550112,218527
24,930,-0.9267278711242053,329628
