,time,close,volume
0,570,0.07253464628369853,834022
1,585,0.38845048579117397,485786
2,600,1.2477477477477523,376480
3,615,0.07211012593615024,662216
4,630,-0.2527978339350221,695493
5,645,0.7148886447582383,413621
6,660,0.11832095229571057,316218
7,675,0.18760050026799513,244434
8,690,-0.11626867006528525,319684
9,705,0.4806408544726231,270000
10,720,-1.152426397767175,531098
11,735,0.4481491440351349,504140
12,750,1.1692798299229403,313442
13,765,0.938925938925933,508282
14,780,-0.3434005459188171,534149
15,795,0.20210896309314938,479151
16,810,0.04567333028845054,605221
17,825,-0.4606017824053698,285581
18,840,0.29911146300695296,303660
19,855,0.04440712096763516,339549
20,870,-0.31801340860974053,185616
21,885,0.4478791604461273,193078
22,900,-0.34367289390200967,184486
23,915,-0.7412668116649723,199974
24,930,0.30533675546508443,320157
