,time,close,volume
0,570,0.9185818768149541,273414
1,585,-0.3740728366187742,218840
2,600,-0.9579707211765608,225152
3,615,0.7465934581003777,234395
4,630,0.5593101841062712,167231
5,645,-0.08663490053646693,169172
6,660,0.37584375628647365,113765
7,675,0.645712401055397,144192
8,690,0.40076210498654075,167060
9,705,-0.40237467018470563,152343
10,720,0.08567850787582908,124297
11,735,0.052697450760827685,130797
12,750,0.09213557091147506,117252
13,765,-0.08562771703332596,195524
14,780,-0.6830691690430408,59351
15,795,0.45879129946860847,70089
16,810,0.2206560400474111,79154
17,825,-0.15833223380391914,90033
18,840,0.5674177572239042,197703
19,855,0.036065573770496274,114933
20,870,-0.1773632004204232,79758
21,885,-0.5448961394934042,110926
22,900,0.21419626968957273,117841
23,915,0.9498319026014378,210982
24,930,0.7097485092040439,295985
