,time,close,volume
0,570,-1.2293740943299187,360169
1,585,-0.6692460229695115,282186
2,600,-0.7336935912021213,243956
3,615,0.14200511218403056,214529
4,630,0.5367231638418148,164951
5,645,1.089689857502097,139844
6,660,1.2961941533370074,233475
7,675,0.0,136534
8,690,0.557637809671816,113889
9,705,-0.6949878031941781,60894
10,720,1.0520083796338473,90644
11,735,-0.045562238017141765,86689
12,750,-0.21002648159984455,63822
13,765,-0.9587904489720719,73875
14,780,0.3491042719338498,47525
15,795,-0.23020257826887663,40972
16,810,0.4674182018146871,45290
17,825,-0.34487515519381984,43252
18,840,0.1423454862705493,53187
19,855,-0.7028576713215621,80292
20,870,0.064695009242151,135331
21,885,-0.6605265606102967,205846
22,900,0.7937240424550065,97820
23,915,-0.10162601626016209,148995
24,930,-0.21294324599573167,150882
