,time,close,volume
0,570,0.3298772803907613,47871
1,585,0.09747885357640619,27140
2,600,-0.03696857670979808,23046
3,615,0.0697808061735555,26407
4,630,-0.11506534067559838,25012
5,645,-0.004109645337603627,27376
6,660,0.21119973753818466,24550
7,675,-0.16636542885310596,27414
8,690,0.11488593467914048,33604
9,705,-0.06158393890873493,19971
10,720,0.00410542737499767,19443
11,735,0.03283263563981946,13393
12,750,0.14343674439571918,18191
13,765,0.016390083999188877,14022
14,780,-0.10254306808859721,16989
15,795,0.0760700631512654,18306
16,810,-0.018693121259329103,18002
17,825,-0.14779538549962443,21300
18,840,-0.32125205930807293,79658
19,855,0.3120381014944945,30735
20,870,-0.024640657084189846,32803
21,885,-0.20163779268343243,52330
22,900,0.1602300739523479,58186
23,915,-0.2966869952200424,47554
24,930,0.23022529189278174,99495
