,time,close,volume
0,570,-0.02159267576438563,28059
1,585,0.10353753235548277,39359
2,600,-0.02157497303128862,20864
3,615,0.29685080020650395,31461
4,630,0.12889920082495976,16986
5,645,-0.12045083025036614,20624
6,660,0.10313708637730154,13382
7,675,-0.040841770383267285,6275
8,690,0.16095802214782384,8952
9,705,0.1756716226059371,427222
10,720,-0.10508481846060438,13801
11,735,0.03430164004715793,14335
12,750,-0.03804641319262109,12089
13,765,-0.08427062762943588,12198
14,780,-0.017174753112920584,17355
15,795,-0.1655807152226821,14249
16,810,-0.0021504451421424683,15323
17,825,-0.023660493428826396,9624
18,840,0.31091860365382723,20542
19,855,0.008576329331038511,254642
20,870,0.12420232129856544,18160
21,885,-0.08573020703845731,13867
22,900,0.019285576531603024,15914
23,915,-0.3332473340213303,16078
24,930,-0.44052863436123796,35408
