,time,close,volume
0,570,0.3092958223879409,123334
1,585,0.2029598308668033,34378
2,600,0.320323695523894,103140
3,615,0.0,12480
4,630,-0.16887612935910548,30689
5,645,0.07593655079310598,19018
6,660,0.0,15140
7,675,-0.1605679033212184,11712
8,690,-0.008451656524683162,15342
9,705,-0.14812306910998957,17509
10,720,0.10780189815891075,13766
11,735,-0.09520988490182562,25253
12,750,0.0507528336998835,14512
13,765,-0.45033562749596495,13128
14,780,-0.49311559398014776,38921
15,795,-0.19034990161690188,78438
16,810,0.15801836429639315,108684
17,825,-0.017085985220619382,19469
18,840,0.28962051194683697,23218
19,855,-0.29903028749625726,17519
20,870,-0.010680793796597391,13343
21,885,-0.061987004103971545,42062
22,900,-0.21420615200068546,22686
23,915,0.019274837770122254,31747
24,930,-0.16947698116446142,60516
