,time,close,volume
0,570,0.9804912564439635,540214
1,585,1.5229942265578211,503728
2,600,1.340535232015722,1002638
3,615,-0.7644541203829772,1584192
4,630,1.0840837901331262,747659
5,645,-0.383217058072124,610192
6,660,-0.12499637210450602,448787
7,675,-0.29701421770550296,282981
8,690,0.17292585022286916,361349
9,705,0.41445948597214,234344
10,720,0.36651517372819237,248294
11,735,-0.41958041958041453,195738
12,750,0.2960172228202318,214839
13,765,0.06845296303540718,190660
14,780,0.2122417115952293,197423
15,795,-0.3549919208735361,230315
16,810,0.24909641496533133,374180
17,825,-0.056200366524133946,172695
18,840,0.4015575565831047,267594
19,855,-0.11695336484575834,269859
20,870,0.29637547371488937,243870
21,885,0.3486007553016359,360397
22,900,0.14503964416941179,320349
23,915,0.05315293549165752,441640
24,930,-0.18880712625870757,556124
