,time,close,volume
0,570,0.5229176671468917,860113
1,585,0.4752927431560554,329142
2,600,-0.8056745182012823,513151
3,615,-0.23072382894243001,447257
4,630,-0.5991036386140407,221251
5,645,0.5421699683255575,146718
6,660,0.5499199145755479,115271
7,675,0.13862230752825278,127011
8,690,-0.4552514594826171,149860
9,705,0.4160221878500192,107626
10,720,-0.8744532985553524,127304
11,735,-0.09947221025419664,157891
12,750,-1.4589366701273243,203238
13,765,0.5488533855015864,181048
14,780,-0.6921835243905857,126779
15,795,0.15570367132866947,145723
16,810,-0.06565715375963983,121412
17,825,0.2889615699100442,153241
18,840,-1.3256006628003187,114495
19,855,1.662049861495846,219954
20,870,0.09387735168190957,290325
21,885,0.3759357849348932,190872
22,900,-0.5976196367729878,146505
23,915,-0.4257236482796357,125397
24,930,-0.10934937124110913,138503
