,time,close,volume
0,570,-0.17766231345457484,408511
1,585,-0.21248029887338993,159640
2,600,0.4995063019108935,176841
3,615,0.5889485536116462,174864
4,630,-0.14455880652249337,196195
5,645,0.3859224699038165,235167
6,660,0.07194865743805219,140418
7,675,-0.1989734125382244,166689
8,690,0.732810442548807,151499
9,705,-0.3504538664828135,244956
10,720,-0.028733980805707358,220976
11,735,0.060304970852607866,114928
12,750,0.06887249978477604,130314
13,765,0.03465381186192357,95260
14,780,0.1852605874850865,130775
15,795,-0.556803261695811,82809
16,810,0.15409383624655054,132443
17,825,0.22373931501349023,80161
18,840,-0.24729698642742515,83918
19,855,-0.0921022334791599,210748
20,870,0.15518133226048061,111080
21,885,0.06318207926478187,152697
22,900,0.41413078295887173,84398
23,915,0.6286591257886628,183443
24,930,-0.4740148486579169,654674
