,time,close,volume
0,570,-0.5811354492624101,188296
1,585,-0.3724144119890448,101486
2,600,0.2015045674368568,114259
3,615,-0.24689141266776626,153080
4,630,1.898009512066233,143641
5,645,0.42534531900898875,105217
6,660,0.02849439975450879,100445
7,675,-0.9179791187400536,90417
8,690,-0.2083610409185614,130039
9,705,0.0,55642
10,720,0.8178340588312948,62844
11,735,-0.4283317142100145,54520
12,750,0.8276768119115334,67244
13,765,-0.4752057024684226,40991
14,780,-0.21606843637005427,40461
15,795,-0.07501875468866664,42578
16,810,-0.5635927931126343,49012
17,825,-0.21792305981766028,50733
18,840,-0.21393234389623822,54492
19,855,-0.3398774652296368,54270
20,870,0.11613883057130965,56799
21,885,-0.29568567716500005,82119
22,900,0.20119824733970695,67197
23,915,0.21860361365157668,140782
24,930,0.3068848959259908,194426
