,time,close,volume
0,570,-0.2509051641999503,64169
1,585,0.012702445220693432,49711
2,600,-0.7615512607193126,32705
3,615,0.15335463258786525,44228
4,630,-0.17923441300729812,56311
5,645,-0.5664992918758822,26853
6,660,-0.48840443768800046,46990
7,675,0.27739251040220525,78850
8,690,-0.07424144609424188,46930
9,706,-0.14222911817946654,32121
10,720,0.02908385845854742,38897
11,735,-0.08570920322783653,54022
12,750,0.09854922614624279,35983
13,765,0.0887769760947742,29684
14,780,0.037111139796053016,38019
15,795,0.12408747361126486,43413
16,810,-0.1016292950475876,39751
17,825,0.1353223571865889,31927
18,840,0.21219818023983802,55921
19,855,0.022500803600144656,36559
20,870,0.07869084134962968,52699
21,885,-0.04595086149832877,45455
22,900,-0.21640421215342334,39693
23,915,0.41370021166057996,54721
24,930,-0.23465878041724844,66234
