,time,close,volume
0,570,0.17899116654661465,212004
1,585,-0.22608530445521,226280
2,600,0.40308980326133625,88836
3,615,0.4135770480991242,133238
4,630,-0.3498321751051903,170905
5,645,0.09441274000506557,128724
6,660,0.34598639775963896,93485
7,675,-0.572767508461342,51576
8,690,0.31991242515323115,58719
9,705,0.38870088362474065,29217
10,720,-0.23556016206539152,57271
11,735,-0.07878622999638599,38482
12,750,0.003347477604907271,40678
13,765,0.21382751247326967,23931
14,780,0.298090904826684,38070
15,795,-0.25629570410777935,50004
16,810,-0.14363756239992787,84465
17,825,0.04707211447937974,30140
18,840,-0.17924180856446634,35962
19,855,0.2211923022632109,35345
20,870,-0.19801046626749683,66349
21,885,-0.7169990503323929,48183
22,900,0.10672358591248397,59742
23,915,-0.11634533194034387,67015
24,930,-0.042757375647300776,75732
