,time,close,volume
0,570,0.09350788137856422,1475179
1,585,-0.2947481243301164,1348235
2,600,-0.026802465826850738,742648
3,615,0.4798625763205461,683637
4,630,-0.25377724294690607,1230736
5,645,0.13352917612497572,545670
6,660,-0.37259422076878496,786908
7,675,-0.16378037320445685,615090
8,690,-0.4179023995686007,922203
9,705,0.026954177897568758,743362
10,720,0.22858679575097712,830892
11,735,0.06718624025799133,751562
12,750,-0.5132360886007502,1386107
13,765,-0.0946329593078375,917765
14,780,0.08104822369310045,1070711
15,795,-0.037836815221218074,616840
16,810,0.2343082245152731,557465
17,825,-0.14283785608208738,467276
18,840,0.25558916129588993,407617
19,855,0.20185458943690113,426839
20,870,-0.026885334050270226,672097
21,885,0.22800429184549584,626991
22,900,-0.16120365394949565,874854
23,915,0.4013914905003976,2015313
24,930,0.08021390374331855,2522593
