,time,close,volume
0,570,0.781002638522437,82650
1,585,0.9995820562830888,98041
2,600,-0.6238172005327083,102398
3,615,0.6407131415836869,99276
4,630,-0.27934911655842287,83171
5,645,-0.558306120299159,40855
6,660,-0.33469560315672403,32660
7,675,0.9561030078861082,22588
8,690,0.04882812500001506,18282
9,705,-0.09076310828738664,30903
10,720,0.33400598427389755,26709
11,735,-0.251133589117554,41642
12,750,-0.3992155764112573,20491
13,765,0.5294691375226355,21840
14,780,0.3471257983893363,30430
15,795,0.11095700416088529,46381
16,810,-0.2642191628424388,60243
17,825,0.09377930603314878,35274
18,840,0.39094934957099203,41118
19,855,0.5368203716448734,31026
20,870,0.1168625833505104,77154
21,885,0.2673796791443951,44428
22,900,0.3382187147688676,55659
23,915,-0.09917242322685302,126517
24,930,0.12295921852584085,160192
