,time,close,volume
0,570,0.06930006930008506,78334
1,585,-0.6767599246494096,39648
2,600,-0.13273718038286025,76518
3,615,0.08376378612313595,46080
4,630,-0.041899441340783716,51427
5,645,-0.04890658841612043,66101
6,660,-0.1189143816452067,73966
7,675,0.07339321287525934,57453
8,690,0.2057756696428682,70600
9,705,-0.13970382788489596,40704
10,720,-0.477259966311066,29159
11,735,0.31135210774883443,37910
12,750,-0.32640741260705,33781
13,765,0.530652143555363,43147
14,780,0.27156883225403156,34123
15,795,0.15295835361190213,40780
16,810,-0.09743197160554999,39764
17,825,0.35367545076282314,33916
18,840,-0.3758875121815342,34599
19,855,-0.03133377432718552,34542
20,870,-0.24080407621972416,38138
21,885,-0.15379238028661227,35563
22,900,-0.08395718183726618,59208
23,915,0.2929891873037932,99321
24,930,-0.10474860335195929,113122
