,time,close,volume
0,570,1.0451681637001415,313081
1,585,0.4662132514260765,424320
2,600,1.0922242314647312,265396
3,615,2.0753647825471075,359044
4,630,0.5144105418927417,322604
5,645,0.019374724790843442,169788
6,660,0.0052837366585601325,266845
7,675,-0.691636518408168,184599
8,690,-0.14207572636214294,200095
9,705,0.07098743522396132,79048
10,720,-0.16709922849931644,139545
11,735,-0.4428096989608289,110882
12,750,-0.31883642616607666,86576
13,765,-0.05017921146952916,82230
14,780,0.09310320131776514,68128
15,795,-0.07166917508779067,69051
16,810,0.9090263475605433,62119
17,825,0.18784334573807293,118308
18,840,0.1380335527713043,123909
19,855,0.1272534464474927,93959
20,870,0.23275497249260296,75352
21,885,0.028909681922985184,62816
22,900,-0.12778876023722932,91576
23,915,0.0776014109347539,117820
24,930,0.3164556962025237,243134
