,time,close,volume
0,570,0.4107079505939892,96228
1,585,-0.2842105263157972,71818
2,600,-0.4719264278799586,68840
3,615,0.34488580179919615,72187
4,630,0.13247266245965877,68392
5,645,0.21150795558332824,54105
6,660,-0.20471568603839568,48889
7,675,0.11306774441879025,51422
8,690,0.1129400456566071,42655
9,705,0.11041501644224487,26525
10,720,-0.01680510875305929,36836
11,735,-0.09371620809805195,34447
12,750,0.20623006642526884,33710
13,765,-0.17858747254764334,39808
14,780,0.1040076793856506,49793
15,795,0.051569264718235565,31884
16,810,0.16403256704980895,43486
17,825,0.04786979415988239,63851
18,840,-0.08863761588769482,42659
19,855,0.015569048731121983,34152
20,870,-0.24419056948986403,34783
21,885,0.10601554255013126,51062
22,900,-0.059999520003839964,57696
23,915,0.0,43966
24,930,-0.14902055041461473,65597
