,time,close,volume
0,570,-0.7024130258030564,178785
1,585,0.09987490760221683,107677
2,600,0.2439024390243941,123897
3,615,-0.17614637195295316,81934
4,630,-0.48532602489438326,100551
5,645,0.04565688848305702,133462
6,660,0.05418817556968819,89402
7,675,0.02566149635037404,124688
8,690,-0.10560867703724974,57614
9,705,-0.2104318959493386,57778
10,720,0.0058346611477622465,62698
11,735,-0.09152197872980308,64013
12,750,0.23846922747393393,69917
13,765,0.05585911287052897,61664
14,780,0.02120312767535923,52297
15,795,0.005707111060376044,46021
16,810,0.10262257696693662,47579
17,825,-0.17419115337388666,42237
18,840,-0.039994286530491745,66958
19,855,-0.022859102208756202,55457
20,870,0.12841732777809162,48387
21,885,-0.025690063654277923,61049
22,900,-0.02252669584762931,52548
23,915,-0.08318093496400406,64105
24,930,-0.05718206770356491,108635
