,time,close,volume
0,570,0.4497994137749437,201216
1,585,0.19547574752621152,124549
2,600,-0.040459621297938515,113080
3,615,-0.16318326236842268,87265
4,630,-0.2861168310393519,68355
5,645,-0.26623200217331194,117784
6,660,0.01901295597142439,110876
7,675,-0.30240287691385975,113325
8,690,0.06398126846268357,103260
9,705,-0.07492779685031718,92193
10,720,0.19579050416055566,105422
11,735,0.11408083441982178,47000
12,750,-0.05204249820297637,75420
13,765,-0.11658594982858611,61807
14,780,-0.1444102340535761,72624
15,795,0.14420199161996777,62710
16,810,-0.04082854732029563,55557
17,825,0.021770484665426002,54026
18,840,0.08985849665782734,56614
19,855,0.14649504629010177,84841
20,870,-0.0027421062634112475,63135
21,885,-0.13865477679299412,50276
22,900,0.1276168236987231,80117
23,915,-0.05977123916647032,72377
24,930,-0.040769732550548284,116841
