,time,close,volume
0,570,-0.49234523839716365,6735571
1,585,2.570423649707834,3379622
2,600,3.057846712946326,3562102
3,615,-1.3519879969992512,3047053
4,630,2.945459359279852,1677213
5,645,-0.9454448267797991,1874594
6,660,-0.5110675334443754,1485097
7,675,-0.29189613406341824,1125373
8,690,-2.6819469195959513,2455467
9,705,-0.7825468739109248,1285026
10,720,1.2906996120566967,1706059
11,735,1.5271138211382054,1181671
12,750,-1.205414078249059,1382061
13,765,-0.6021838321042708,937963
14,780,0.38869080707212617,764086
15,795,-1.2063282336578567,587931
16,810,-0.8981195621667102,886745
17,825,0.09953596612972239,1100086
18,840,0.541000292809452,889241
19,855,-0.8167224268323623,743129
20,870,0.08849593566158266,679856
21,885,-0.4791177155436953,790679
22,900,1.721855994638773,841091
23,915,0.6838752333005127,1477493
24,930,0.2767819123363671,999443
