,time,close,volume
0,570,0.12793600715449036,4787541
1,585,1.8109285025645148,4051220
2,600,0.5146327258608524,2831104
3,615,1.3515713273455041,3247645
4,630,1.9203362173203644,2004702
5,645,0.20342881350531175,2670057
6,660,-0.5129944301174041,1829266
7,675,-0.4447335738364174,1674238
8,690,1.135460030871407,1220254
9,705,-1.0421343668029321,947108
10,720,-0.6349583828775305,1033348
11,735,0.6631355817088802,1028732
12,750,-0.8147087455233346,909175
13,765,0.26335232762293204,685525
14,780,-0.9132519146182185,695838
15,795,-0.3451472826040586,865356
16,810,-0.05897642627645685,665963
17,825,-1.3426829268292673,1033204
18,840,-0.21142165788798542,1040463
19,855,0.9358353510895905,1345278
20,870,0.3011484680052389,1457356
21,885,-0.11006736354649269,918208
22,900,0.11818046973598656,932546
23,915,0.6733199069745048,968113
24,930,1.4332809490612184,1061969
