,time,close,volume
0,570,1.881199407137147,6022195
1,585,-1.6456136284621479,2512707
2,600,-0.45401629802095517,1444373
3,615,-0.5619292905642753,1104032
4,630,-0.802454566910558,1821278
5,645,-0.7250683466064418,1740154
6,660,0.2487556290150099,2963545
7,675,-0.2851367419738436,1553334
8,690,-0.8151522416686556,1049262
9,705,1.2079583135954477,810392
10,720,0.0946521533364864,849266
11,735,-0.9314545020300945,737823
12,750,0.14309563558312013,524385
13,765,-0.21414709228400594,429423
14,780,0.663817663817652,335196
15,795,-0.3334921391138651,537227
16,810,-0.562941669661036,918099
17,825,-0.06160218412101954,634225
18,840,0.04959271681841171,658406
19,855,0.047892720306503885,748427
20,870,-0.5296100144439068,658780
21,885,0.012035142616446162,623142
22,900,0.06807253694078061,763784
23,915,0.3516299137104401,876068
24,930,-0.14161926021938384,1353179
