,time,close,volume
0,570,0.18030340711265358,1908222
1,585,0.725854236618598,608876
2,600,-0.09539013577030081,991989
3,615,0.4541205412054025,603543
4,630,0.04917629702484172,397681
5,645,0.12278978388997337,401321
6,660,-0.270869244028563,310019
7,675,0.6361634450697284,329718
8,690,-0.2944785276073557,396088
9,705,-0.5676209279368136,284618
10,720,-0.19782393669635362,257936
11,735,-0.23969283623302617,356219
12,750,-0.0329779320605033,244573
13,765,-0.24857071836937966,119797
14,780,-0.27417746759720696,154924
15,795,0.09960159362549591,179839
16,810,-0.12465719272001287,98206
17,825,0.06228977201943087,95905
18,840,-0.48747756025867967,162834
19,855,-0.4787421383647813,203820
20,870,0.25094102885822184,234017
21,885,0.0,304805
22,900,0.02508780732563475,337130
23,915,0.32508127031758577,322587
24,930,0.19965061142999327,348246
