,time,close,volume
0,570,1.4916504854368935,4278850
1,585,-0.8617312965139007,4715375
2,600,0.05871990604815255,3750877
3,615,0.7768498737618927,2459239
4,630,-0.7829320806420015,1910950
5,645,-1.1883541295306028,1878396
6,660,0.04790732110970864,1985401
7,675,0.22871815129369963,1644776
8,690,0.5343601430199175,2016150
9,705,0.28991185112633916,1157414
10,720,0.03916193459957534,1010914
11,735,-0.07838526357044709,1136758
12,750,-0.27510316368638355,758819
13,765,-0.2363600551506745,728698
14,780,-0.25671406003160063,629840
15,795,-0.178041543026713,809512
16,810,0.2376140705421777,781647
17,825,0.15684729064039257,884407
18,840,-0.3559422582558824,984914
19,855,0.0790357636830649,795469
20,870,-0.18409644278163076,676104
21,885,-0.12843840308253218,749776
22,900,-0.26271860095389,850394
23,915,0.41559469622006895,1146686
24,930,0.2566127121989646,1573926
