,time,close,volume
0,570,-1.8913853119446902,1426497
1,585,0.13190630130938594,607898
2,600,0.6394685990338176,455293
3,615,-0.3004167070452585,408945
4,630,0.4486035405913882,485202
5,645,1.1302937809996205,345522
6,660,0.15242849884357032,365401
7,675,0.3227169166508465,364241
8,690,-1.0455150860838933,271941
9,705,0.6622040116251289,1034211
10,720,-0.5991180981595092,149554
11,735,0.1459714278877249,136869
12,750,-0.6042175337197064,195583
13,765,0.607961791821897,166703
14,780,0.42861907938626587,129745
15,795,-0.33946928042075447,159997
16,810,-0.46594293399942305,134275
17,825,-0.6965270387926853,76698
18,840,0.36146320304592994,274087
19,855,0.09389219250306627,134740
20,870,-0.012038909756335203,189924
21,885,0.46050080361153173,204728
22,900,0.16954181122143555,115624
23,915,-0.4687499999999973,169710
24,930,0.16798656107511126,218834
