,time,close,volume
0,570,1.636336443719579,29937
1,585,-1.2082189093762221,17918
2,600,-1.8039006856153954,20573
3,615,-0.023303039382134287,47198
4,630,0.020003321683046207,45644
5,645,-0.24693870741718357,16791
6,660,-0.3969516790888543,27059
7,675,0.3005761041997275,20405
8,690,-0.14883938724998097,34075
9,705,-0.39286793593231123,30454
10,720,-0.036949949613709655,23452
11,735,-0.6661481757007981,19344
12,751,0.13001705418502638,21901
13,765,-0.0439211446525991,22594
14,780,0.09282387092418054,15674
15,795,-0.606778477633948,20127
16,810,-0.2564346997140108,23285
17,825,-0.09371432466051019,18597
18,840,-0.29564563538177907,37869
19,855,0.49314695779341866,23275
20,870,0.03739715781601062,39918
21,885,-0.6880498408242874,26384
22,900,-0.058227154404718436,30486
23,915,0.08213552361396614,30441
24,930,-1.103768035708106,52283
