,time,close,volume
0,570,0.7566091737591497,114272
1,585,0.8901744891294172,97248
2,600,0.3514709711012732,97754
3,615,-0.4783437348182031,108458
4,630,1.8270536009098646,87513
5,645,0.28534845436254963,49763
6,660,0.5204163330664351,64319
7,675,-0.8600153429967151,79143
8,690,-1.5722168369249063,83585
9,705,0.2973756598022283,71628
10,720,0.3980081082582222,53089
11,735,0.4486711439179006,38509
12,750,-0.8333519158583269,38878
13,765,-0.775280898876402,32922
14,780,0.13166162961188826,59780
15,795,-0.6710095266784585,37436
16,810,-0.6671468102043103,50159
17,825,-0.018956627236886327,32937
18,840,0.3231109347542725,30214
19,855,-0.7826782449725802,37725
20,870,0.560521133161649,42060
21,885,0.3118934435173081,53971
22,900,0.5664570624120067,60241
23,915,-0.3238988381070801,80031
24,930,0.3845576648908359,108754
