,time,close,volume
0,570,0.40994445913779726,88322
1,585,-0.5384564249152445,78712
2,600,0.4368257330068149,74266
3,615,-0.07285733209697552,73541
4,630,0.7330944475492351,43355
5,645,-0.3000527565286287,103737
6,660,0.9018428963534334,116713
7,675,-0.40023620497343587,62965
8,690,-0.23017230040773004,63778
9,705,0.06243633137261271,92827
10,720,0.06896098778404688,65646
11,735,-0.0637474287441625,58028
12,750,-0.15665624485765972,49011
13,765,0.4977568195958941,275093
14,780,0.1928356647927752,62660
15,795,-0.1964893895729519,37486
16,810,-0.18372703412073565,28920
17,825,-0.07223061264693259,20303
18,840,-0.21056787523852943,34825
19,855,-0.4229168043348882,54734
20,870,-0.23181878394490843,49730
21,885,-0.026500596263410656,80159
22,900,0.5337726523887989,77217
23,915,-0.41024283729240035,50710
24,930,-0.2520729684908759,82456
