,time,close,volume
0,570,1.2916383412644465,507991
1,585,0.02265518803805621,336501
2,600,-0.20431328036323135,322914
3,615,-0.5248744865358212,272642
4,630,-0.4585052728106439,368775
5,645,-0.25281544472534917,255086
6,660,-0.7409122482056039,253501
7,675,-0.2437043054427222,223520
8,690,0.26620370370370827,209248
9,705,-0.46511627906977404,233322
10,720,-0.6789978927651583,157852
11,735,0.07019185774450429,269109
12,750,0.7777132907719114,181065
13,765,-0.37002344103159035,159143
14,780,0.06706252183024061,143354
15,795,-0.37396283744303777,123386
16,810,-0.12871518839222962,220028
17,825,0.6047918120493257,167880
18,840,-0.20979020979021773,157079
19,855,0.2905287623474724,113687
20,870,0.5662121562283442,175043
21,885,-0.07123166016023974,233173
22,900,-0.03285135916713783,481395
23,915,-0.45317220543806713,371627
24,930,-1.0568341944574984,371489
