,time,close,volume
0,570,-0.7234007965536865,527059
1,585,1.434065053677289,437541
2,600,-0.33762057877812496,382487
3,615,-0.941252839987026,585737
4,630,1.0994302222935597,251534
5,645,-1.4408987300553533,198087
6,660,-0.5401866099197876,268558
7,675,-1.1089043363124822,223949
8,690,0.15698587127158367,483243
9,705,-0.38152110807000744,326087
10,720,-0.1245640259093103,347214
11,735,-0.5343129069961601,559179
12,750,0.0500667556742342,472800
13,765,-0.23419203747072695,696287
14,780,0.0835701153267544,274167
15,795,-0.7917789757412379,249705
16,810,-0.0337040781934547,303918
17,825,-0.21109516169889384,308209
18,840,-0.5051139391758678,311767
19,855,0.9458641560188235,460413
20,870,0.5849908072873164,444861
21,885,0.19184252231212276,224571
22,900,0.2744967559474283,236358
23,915,-0.08991607832689831,452999
24,930,0.3550688568110266,463269
