,time,close,volume
0,570,0.061690314620606895,120774
1,585,0.11091939857036473,137057
2,600,-0.27600411946446446,89469
3,615,-0.0247228975235907,64533
4,630,-0.30588977304805,89280
5,645,-0.06613176723604024,51649
6,660,-0.004135991397134132,47108
7,675,0.3462204270051947,48720
8,690,-0.13206768468839997,77691
9,705,0.14424067587059317,34423
10,720,-0.285171102661596,30817
11,735,0.12383389746552587,45566
12,750,0.07424517406368868,45155
13,765,0.0,27124
14,780,0.03710881128108003,42678
15,795,-0.030933575302628784,31685
16,810,-0.07636108474016687,44002
17,825,0.04538328244904086,50059
18,840,-0.03301692117209413,44193
19,855,0.03300602359930031,36982
20,870,0.02887193235718424,53271
21,885,0.10300782859497322,70558
22,900,-0.07009442130869892,60707
23,915,0.09062821833161643,59413
24,930,0.19734407762199965,117547
