,time,close,volume
0,570,0.3344218436479499,281002
1,585,0.48549391174973927,122458
2,600,0.09778612219353829,154158
3,615,-0.07829014327095773,110568
4,630,0.5295537730706273,82924
5,645,0.12056158363473816,103470
6,660,0.13213179622340046,170654
7,675,-0.3547708138447049,163925
8,690,-0.3520300398967401,79889
9,705,0.04691531785128022,47112
10,720,-0.2547720769803652,59568
11,735,-0.6986106725607758,79947
12,750,-0.5396825396825451,95883
13,765,-0.023815194093832766,451048
