,time,close,volume
0,570,-0.15363904630864136,9496228
1,585,0.14377387885305967,3059269
2,600,0.18881895594226128,2776850
3,615,0.05180580224984693,2517991
4,630,-0.08147544626324987,2476175
5,645,0.3394850073706444,1901414
6,660,0.05171904972701527,2010336
7,675,-0.30341152963812373,1627451
8,690,0.13029696326039342,1875504
9,705,0.09783016388213214,1544950
10,720,0.15201444948212164,1305137
11,735,0.011057054400697595,1161259
12,750,0.08101937099507522,1029502
13,765,0.02577224697175847,1179507
14,780,-0.08475200825411533,2073609
15,795,0.33786265148733596,1277760
16,810,0.4970397595265821,1779089
17,825,-0.13274915897479922,2287630
18,840,0.2163642338164973,1594795
19,855,0.2222222222222272,1308846
20,870,-0.05832179047897683,2143606
21,885,0.40659260872722164,1540820
22,900,-0.18548827059465028,2273007
23,915,-0.01091226538628427,2260468
24,930,0.27568195008705415,2322436
