,time,close,volume
0,570,-0.32282374653953344,363994
1,585,-0.20033903529048458,226770
2,600,1.067235859124871,307654
3,615,0.5232425873966767,286006
4,630,0.4153451140311003,211527
5,645,0.2410727738436203,219136
6,660,0.02259546584318832,170545
7,675,-0.09046362608368227,175261
8,690,0.5025502550254932,247005
9,705,-0.1051208890223655,206116
10,720,0.3442083208620021,130194
11,735,0.31329255557214375,143374
12,750,-0.029846291598262974,263335
13,765,0.2456270934127161,143345
14,780,-0.4561088679527331,172632
15,795,0.12695093719661527,193139
16,810,0.11442347426665657,158422
17,825,0.2356005357940125,147883
18,840,0.14119045849743458,228882
19,855,-0.27570789865872175,338916
20,870,0.08933889219774013,417470
21,885,-0.07450454477722718,132752
22,900,-0.05963918294320301,208603
23,915,-0.24661833943650258,251893
24,930,-0.14219428229306819,300397
