,time,close,volume
0,570,0.41533546325878273,579155
1,585,0.5559968228753001,863424
2,600,0.09522298047928134,519856
3,615,0.17427122940430834,281783
4,630,-0.1904761904761864,384820
5,645,0.03173595683910366,318353
6,660,0.04758128469467729,228429
7,675,-0.03173092178327149,191825
8,690,-0.1748251748251739,150908
9,705,0.03177629488401021,296299
10,720,0.0,364709
11,735,0.09523809523809885,174625
12,750,0.1426533523537857,163208
13,765,-0.01585288522511908,141388
14,780,0.20566366081316653,124119
15,795,-0.09501187648456418,122335
16,810,-0.1586042823156248,151028
17,825,0.0950720963397279,162456
18,840,0.09498179515593204,190504
19,855,-0.06336131791541129,317340
20,870,0.15815277558120247,233289
21,885,-0.1266825019794114,171931
22,900,-0.11097019657577724,238481
23,915,0.174078176926728,360682
24,930,-0.04749841671944449,506020
