,time,close,volume
0,570,-0.6056742110296389,1190368
1,585,0.6492478226444919,626209
2,600,0.26847757422615554,521798
3,615,0.5028284098051544,272838
4,630,0.06281407035175746,298671
5,645,-0.3466750709108081,259286
6,660,0.26716957410026987,192276
7,675,-0.03144159723314436,211799
8,690,-0.04718464926077562,188697
9,705,0.01572574304136675,133091
10,720,-0.0629425649095299,813129
11,735,0.11002829298962635,145373
12,750,0.12558869701727693,373254
13,765,-0.015701051970490053,245107
14,780,-0.09429514380008669,186907
15,795,0.15691197238348395,260544
16,810,0.0,467056
17,825,-0.1571585730001482,152197
18,840,-0.12588512981904862,192778
19,855,0.031461381154637605,370123
20,870,0.18841262364578026,283592
21,885,0.1567643831321546,233828
22,900,-0.20420986490732418,216216
23,915,-0.18885741265344264,359323
24,930,0.31377470975839794,441357
