,time,close,volume
0,570,0.23651897125299645,23019
1,585,0.12528630957308728,15708
2,600,0.1251295393909985,14934
3,615,-0.05515354747617367,15928
4,630,0.1277927114088135,20169
5,645,0.1847371893556136,13062
6,660,-0.14977313774723733,24603
7,675,-0.06501735632816333,31015
8,690,0.04075697825560183,10255
9,706,0.26915091126807783,12954
10,720,-0.0527594279998701,12982
11,735,-0.03078580774262765,10556
12,750,-0.14983219168918058,8781
13,765,-0.09360740659099359,13850
14,784,0.1265892454180297,5068
15,796,-0.1046831955922915,7651
16,810,-0.04961137754258811,12242
17,825,-0.1656451880072884,10163
18,841,-0.16327205110112944,10002
19,855,0.06810067536947174,7863
20,870,0.09496990779083431,6156
21,888,0.08716375753029518,4652
22,900,0.12177046542765878,7750
23,916,-0.0882374027320581,7781
24,930,-0.13529632656667875,13409
