,time,close,volume
0,570,0.1999172756100869,191686
1,585,-0.048279191668386214,105884
2,600,-0.055206680008289634,64516
3,615,0.006900358818652296,55388
4,630,-0.006900835001028849,45907
5,645,-0.010352324096750307,56771
6,660,-0.044880204377544516,79202
7,675,0.17231872070581747,58819
8,690,0.04822597313123884,96832
9,705,-0.013780748294639449,45447
10,720,-0.06205184776613583,33934
11,735,-0.06209037599172364,75007
12,750,0.06549691475059385,330644
13,765,0.16175660792952481,42915
14,780,0.020645516482004776,41671
15,795,0.02751977984175579,47267
16,810,-0.206825232678375,55198
17,825,0.0929848124806219,51120
18,840,0.003443763344579828,103231
19,855,0.03442577802259114,37587
20,870,-0.05511160099201743,67179
21,885,-0.03445661911652053,71726
22,900,-0.04136504653567892,49059
23,915,-0.06898930665748379,46862
24,930,0.26833631484795295,78826
