,time,close,volume
0,570,0.22073532454990216,156349
1,585,-0.06212037548316083,50725
2,600,0.0517401952330151,65721
3,615,-0.003449465332889876,35836
4,630,0.013795957784376237,43896
5,645,0.02758430453071653,28485
6,660,-0.06900835001034733,42836
7,675,0.0,28665
8,690,-0.04487555662949893,40923
9,705,0.00690345517931097,67874
10,720,0.003451608449553965,46179
11,735,-0.041436464088399357,38275
12,750,0.062116088066792044,37209
13,765,0.0069013112491506734,36832
14,780,0.02069964810598298,35466
15,795,0.0,31670
16,810,0.01379786133148107,38230
17,825,0.027588109524808925,46980
18,840,-0.013795957784376237,38379
19,855,-0.09666505558239753,51634
20,870,0.14478764478763068,67571
21,885,0.0551267916207363,492104
22,900,-0.07585683745949497,39153
23,915,-0.010345184316691167,54318
24,930,-0.05175269113995105,95162
