,time,close,volume
0,570,4.041684269821158,603534
1,585,0.4206285378127393,378267
2,600,0.9927802846234016,290573
3,615,-0.6638714185884117,286391
4,630,0.39674253497598194,303946
5,645,-0.4755577313098666,138570
6,660,-0.8214348669134641,272488
7,675,0.6879890762039921,132197
8,690,0.036749265014706066,176832
9,705,-1.261695491919479,116682
10,720,0.4937226689236765,160987
11,735,-0.3397027600849184,69991
12,750,-0.5050145814069336,112912
13,765,0.23063548947946538,73954
14,780,-0.16170590848511207,66765
15,795,-0.49107142857142855,104855
16,810,0.07850974234530986,146017
17,825,0.08557370034940892,69100
18,840,-0.38657026272459877,81012
19,855,-0.48194504387856957,81237
20,870,0.39049905062156526,60454
21,885,0.6725499964415296,82149
22,900,0.11374138053600386,98741
23,915,0.3894632488316183,75426
24,930,-0.27692963147055766,158511
