,time,close,volume
0,570,-0.5646123260437326,120250
1,585,-0.003976301244578673,50585
2,600,0.16276300119094744,116561
3,615,-0.2626970227670739,44227
4,630,-0.367529562160441,67345
5,645,-0.552896318684228,51202
6,660,-0.37238932344165526,68220
7,675,-0.008064516129036383,95020
8,690,0.15299138416941602,78586
9,705,-0.770853618954887,42937
10,720,0.008113590263695835,42136
11,735,0.4442649434571867,34560
12,750,-0.7979156489171177,62576
13,765,-0.012214486380836576,46729
14,780,-0.486866868505043,45442
15,795,0.3681673808266102,71094
16,810,0.09643264375304941,45280
17,825,0.12202066216546463,54504
18,840,-0.2855278185674731,160011
19,855,-0.07347538574577796,88231
20,870,0.23619482000326295,44517
21,885,0.25995125913890593,70313
22,900,-0.21981600586175692,51970
23,915,-1.0364399111622977,109715
24,930,0.3279494957776549,208825
