,time,close,volume
0,570,-2.1890040725657114,109300
1,585,-0.22728326916833297,42317
2,600,0.4111234294161061,87110
3,615,0.19363762102352047,77261
4,630,-0.14312756821644687,48089
5,645,0.26936802118107883,56067
6,660,0.15401590731459683,59249
7,675,-0.06900993743097959,57211
8,690,0.05977286312014136,27445
9,705,-0.3275209890211311,27189
10,720,-0.3378847489007127,29697
11,735,0.36891860733224946,67223
12,750,0.3767170487435077,61295
13,765,-0.05515973339461095,33109
14,780,-0.2580764090511094,48211
15,795,-0.07840605110230417,15594
16,810,0.07834462417623665,15300
17,825,-0.6960879855213699,11268
18,840,0.16215715344699513,27889
19,855,-0.018535681186279906,26147
20,871,-0.4047829525892172,21698
21,885,0.697652929218255,22128
22,900,0.1568410369960344,36052
23,915,0.6962895098488365,31042
24,930,-0.3401360544217729,40148
