,time,close,volume
0,570,0.256168262100592,195403
1,585,1.1132591160589174,99018
2,600,-3.0571585600439684,106301
3,615,0.3245819466699542,139887
4,630,0.7381729200652615,180253
5,645,0.08149959250204057,83675
6,660,-0.9599561162918265,76041
7,675,1.5950986478097673,76296
8,690,-0.7806549885757819,107432
9,705,-0.5387371126972326,49467
10,720,0.15836177474402297,54423
11,735,-0.46770631883580466,69264
12,750,-0.004114887663578636,51387
13,765,-1.042215261801145,60319
14,780,-0.26123447183392096,81085
15,795,-0.07230859081680643,81406
16,810,0.7302292837127071,52962
17,825,0.29590685127585276,49838
18,840,-0.8774609168911296,63942
19,855,0.7660301452150752,47577
20,870,-0.2181597260576661,54695
21,885,-0.3019139683682885,63519
22,900,0.7982194622666217,74931
23,915,0.3409277616517894,113133
24,930,-1.1550926567131148,158327
