,time,close,volume
0,570,0.1997336884154418,433531
1,585,0.3813629580500812,200420
2,600,-0.40789145092816875,187759
3,615,-0.35923141186298463,134525
4,630,-0.4026170105686999,468649
5,645,0.10055304172951612,207401
6,660,-0.26886237607125474,236179
7,675,0.1510067114094017,188247
8,690,-0.0335683115139361,192413
9,705,0.08385041086702039,171803
10,720,0.17577634552606825,172308
11,735,-0.07538951248115548,151702
12,750,-0.2350965575146945,140049
13,765,0.016789791806590185,101682
14,780,0.12576507084764943,113736
15,795,0.12560710098811395,101975
16,810,0.20056827678421768,155446
17,825,0.016711229946532614,197237
18,840,-0.09199632014720553,320919
19,855,-0.1591556374602092,159566
20,870,-0.2856182795698834,104476
21,885,-0.4556962025316509,157693
22,900,0.008438106488908206,198019
23,915,-0.09290540540540493,325565
24,930,-0.44112656939261136,385407
