,time,close,volume
0,570,-0.3929115548071599,549122
1,585,0.13613068545804108,257344
2,600,0.032020493115598986,272850
3,615,-0.032030749519543766,314828
4,630,0.04802305106451279,286761
5,645,-0.20853384664741006,184860
6,660,0.1601537475976847,133692
7,675,0.024017292450565317,101616
8,690,0.0,108653
9,705,-0.04805766920304548,85534
10,720,0.016016657323624756,124336
11,735,0.01601409240130997,94206
12,750,0.08799999999999955,110216
13,765,0.17569078421977227,99489
14,780,-0.06392840019178384,86628
15,795,0.015979546180885283,131486
16,810,-0.007990411506185301,94901
17,825,0.08781733993293903,73669
18,840,-0.0239559211051674,121304
19,855,0.07181615065431632,59413
20,870,0.03190810465858827,113438
21,885,-0.05587038071673173,88277
22,900,0.11097894270232786,109690
23,915,0.056414342629486476,147981
24,930,-0.15961691939345796,237802
