,time,close,volume
0,570,-0.28646219192967476,70042
1,585,0.10854013518180416,42402
2,600,0.12811037201280656,34112
3,615,-0.2073766849355589,21522
4,630,-0.05434245627903056,25991
5,645,0.009879470460388378,36240
6,660,0.1110206498408676,27439
7,675,0.1404286770140412,28573
8,690,-0.03943412037264459,16932
9,706,-0.01725540463923711,24244
10,720,-0.14565024192752835,13856
11,735,0.1725072699492308,15085
12,750,0.03202680397133657,16741
13,765,-0.09123637618977277,17823
14,780,0.08376860155710432,17392
15,795,0.12303755106058369,14322
16,810,0.03443865000491645,19433
17,825,-0.05907256079551273,19805
18,840,0.11800570360901225,16095
19,855,0.08351756325227998,18430
20,870,0.04910385465258743,17349
21,885,0.0981113563894965,15657
22,900,-0.11787240312360918,19092
23,915,-0.019649260696576343,25454
24,930,0.04419129922419887,34464
