,time,close,volume
0,570,0.07518283097533568,290715
1,585,-0.04102564102564258,189187
2,600,-0.015934162502474647,181502
3,615,0.0159316239316281,134226
4,630,-0.013677084045688459,114374
5,645,0.15022191874359772,89860
6,660,-0.17785074218482175,112514
7,675,-0.11642240788932165,92734
8,690,-0.05481704810196828,82293
9,705,0.1846658915258944,117981
10,720,-0.06844158510710718,92330
11,735,0.02736914129318648,74257
12,750,0.013682698228078136,74381
13,765,-0.2606488785239012,60455
14,780,-0.13049450549450395,217704
15,795,0.06863417982154724,219215
16,810,-0.061808941693547816,141617
17,825,-0.08935936211164688,159559
18,840,0.020617139715484255,206723
19,855,0.17151481888035128,125185
20,870,-0.0274499039253308,126578
21,885,-0.11679835108209377,124331
22,900,0.06179620983244644,105716
23,915,0.04118050789293225,125446
24,930,0.2533032107893507,169297
