,time,close,volume
0,570,0.4371550815402818,130667
1,585,-0.3734362357627577,102177
2,600,-0.1808205511909166,80286
3,615,-0.006235580220733868,67538
4,630,0.06854436689929289,84842
5,645,0.05605032073239298,68713
6,660,0.05912924407929473,68855
7,675,0.12432785254717749,52330
8,690,0.015538566722591376,42655
9,705,-0.1120029867462998,43793
10,720,0.13980799701742586,40373
11,735,0.16377272811866697,48951
12,750,0.05951827397003951,47257
13,765,-0.09618964875263818,57395
14,780,-0.04035387241967886,56745
15,795,-0.059013542054912944,47726
16,810,-0.006212337702671867,44213
17,825,0.01242313187155117,48964
18,840,-0.006211951795266075,51430
19,855,0.210761219935534,89588
20,870,0.06814098990275266,55960
21,885,-0.018587360594796244,52626
22,900,-0.055793193230428,51896
23,915,-0.06203089138390566,76034
24,930,0.03100582909585945,164091
