,time,close,volume
0,570,-0.4524475326949766,26403
1,585,-0.2435087917999708,27691
2,600,0.8812550868625597,23251
3,616,0.0953315575494112,17574
4,630,-0.056108851171269084,11553
5,645,-0.592634401015935,14694
6,660,0.2842188203511906,10674
7,675,0.22181665028778988,17155
8,690,-0.8066798754599394,12501
9,705,-0.09916418756198407,17699
10,720,0.4035216434336043,24499
11,735,-0.14695077149154517,26103
12,750,-0.5312650927583182,27378
13,765,0.019882974492982212,73395
