,time,close,volume
0,570,0.00366233290605783,6381
1,585,0.4774748505613071,14483
2,600,0.13831258644536487,11517
3,615,0.4078081670382252,18246
4,630,0.2043917085699807,15709
5,645,-0.08508481326599455,16078
6,660,-0.3028751348230153,11691
7,675,-0.19503320294733062,9551
8,690,-0.12934018289793467,12564
9,706,-0.007287301876494318,6755
10,720,-0.018221574344027467,5578
11,735,-0.18620614115155387,4072
12,750,0.047441792569883755,12883
13,765,-0.062077779806448435,7941
14,780,0.16041416019541277,9539
15,795,0.0910614118161288,6444
16,810,0.1545651264706252,10547
17,825,0.13800868001963074,10727
18,841,0.1758329405793267,21160
19,855,-0.05078167506981985,11569
20,870,-0.08713015066255549,8963
21,885,0.31845981254297234,7378
22,900,-0.16129909201297393,14855
23,915,-0.08525303827317746,15358
24,930,0.2496924079033067,23488
