,time,close,volume
0,570,-0.19388279982590476,22758
1,585,0.5352434176866518,40562
2,600,0.38420825655701957,10056
3,615,-0.05295467472100374,20977
4,630,-0.0333529527172878,21890
5,645,0.11170556764065949,17069
6,660,0.1428571428571464,12197
7,675,-0.25308508759883475,15138
8,690,-0.0647846401507684,77820
9,705,0.1078579412860611,11399
10,720,0.041165170345391376,11926
11,735,0.11356516290727618,29470
12,750,-0.1627802074957424,14728
13,765,-0.12960744653692205,21626
14,780,-0.2421259842519721,27138
15,795,0.41363627452902585,81760
16,810,-0.04118454598941682,39159
17,825,0.01960784313725936,19831
18,840,-0.19646365422396855,13884
19,855,-0.011789208944080299,16250
20,870,-0.007860090391043519,20585
21,885,0.017682076268695224,18793
22,900,-0.025547301811892357,29665
23,915,-0.05899008966493852,46221
24,930,-0.2404699018409799,44619
