,time,close,volume
0,570,-0.23459946753828356,37849
1,585,-0.33058288374061146,35440
2,601,-0.5370911991491576,27120
3,615,0.0850114234100189,84704
4,630,-0.007970456175782981,35643
5,645,-0.4403052783263002,48827
6,660,0.032011951128422485,68015
7,675,-0.44749323400949004,57192
8,690,-0.22290256740788056,28685
9,705,-0.01611603545527861,43757
10,720,0.16090104585678894,32158
11,735,0.24610775239420468,80467
12,750,0.32529863481229393,59538
13,765,-0.013333688898373655,38697
14,780,0.20226214238190043,33195
15,795,0.1594260661618235,26854
16,810,-0.16501210975966907,27827
17,825,0.19126045955637413,23885
18,840,0.0928874734607279,27542
19,855,0.06895454304354504,71856
20,870,-0.06438131572479978,41259
21,885,0.11202417559113259,50391
22,900,0.09533898305085106,92892
23,915,0.01059209829466254,82724
24,930,-0.3241060517506961,67362
