,time,close,volume
0,570,0.440892303083023,4306558
1,585,0.780695301071858,2511203
2,600,0.7227176220806847,3058884
3,615,0.6014561570117054,5240642
4,630,-0.31150867365893314,4000099
5,645,-0.02816331759646408,2373072
6,660,-0.23783496948793534,2157018
7,675,0.18538135593221544,1671965
8,690,0.31784247262435217,1384870
9,705,0.041059785792482754,1968824
10,720,0.31051717788182337,1489650
11,735,0.010521332000636662,3335519
12,750,-0.13158435357737366,1857605
13,765,-0.06335652540586717,1297502
14,780,-0.13723213343185414,782083
15,795,0.06329781622534261,803275
16,810,-0.09398000021120459,746429
17,825,0.1361382092816608,846750
18,840,-0.021200295327496406,743166
19,855,-0.10030090270812315,834872
20,870,-0.15332557893624854,814450
21,885,0.12145535195649691,807203
22,900,0.10550192541013273,843733
23,915,-0.06862331081080841,1248710
24,930,-0.025238631791591824,1169551
