,time,close,volume
0,570,-0.7629332868838173,6078910
1,585,-0.9853325884470523,3797926
2,600,0.16535543692050217,4714693
3,615,-1.0361958836053995,2816485
4,630,0.20186280412224852,3327315
5,645,-1.055903021835262,1989152
6,660,0.6472763476034726,3462466
7,675,-0.8426261249955262,2105456
8,690,-0.685945340987031,2456397
9,705,-0.3950706777818166,1786772
10,720,-0.018125793003427412,2182091
11,735,0.09778357235983696,2275622
12,750,0.20961329960245179,1525767
13,765,0.8456962660359828,1269290
14,780,-0.20107719928186796,1583301
15,795,-0.27269853454242104,1509571
16,810,-0.39283470651979185,1096583
17,825,-0.31029731689629725,1227000
18,840,-0.13797109868564209,1291611
19,855,0.3004524886877771,1414401
20,870,-0.19222399535759926,1753087
21,885,-0.17512116786200588,1474709
22,900,0.8651491139605197,1863000
23,915,0.0,2221049
24,930,-0.1298326601269524,2386827
