,time,close,volume
0,570,-0.09308820107051233,2969648
1,585,-0.20988805970148391,2099406
2,600,0.23266635644484485,1730657
3,615,-0.08149959250202955,2024422
4,630,0.11629259216187268,1372639
5,645,-0.2097657615662424,964724
6,660,-0.17511090357226908,1633297
7,675,-0.4986214583211089,1414141
8,690,0.18152008431900823,1129521
9,705,-0.2053629055917352,791844
10,720,0.3314681912176138,1049129
11,735,0.22359668572761582,917020
12,750,-0.046584884314207375,731014
13,765,0.13886103636270725,630200
14,780,-0.03405644973175065,528031
15,795,0.1630181648812303,706981
16,810,0.07562976322066174,691820
17,825,-0.45068104731916847,738074
18,840,-0.2101194659170779,1123487
19,855,-0.07032348804500971,1078884
20,870,0.16381933068102103,852492
21,885,-0.18757327080890573,739866
22,900,-0.47031414346406647,620063
23,915,-0.22512100106245633,1224675
24,930,-0.7013789824060737,1179354
