,time,close,volume
0,570,-0.7865155545275772,16357024
1,585,-0.897070286063671,9366063
2,600,-0.4256017249056765,8092629
3,615,-0.9439318665720222,5331445
4,630,0.30072527861312043,7014198
5,645,-0.4562261061794985,6530259
6,660,-0.24928741092635442,4852269
7,675,0.543349870068502,5245274
8,690,0.295955897507164,4751866
9,705,-0.57601421379923,3398279
10,720,0.1833764679871559,2432128
11,735,-0.36512547405793233,1657794
12,750,0.22211697845132503,1565433
13,765,0.21266540642722923,1690826
14,780,-0.15394646071051885,1934924
15,795,-0.23710117423793087,1731871
16,810,-0.011862396204039284,1545131
17,825,0.07112375533428435,1346670
18,840,0.23510267411553337,2693370
19,855,0.4136144152632099,2397609
20,870,-0.3427085795320161,3465571
21,885,-0.3082029397818932,1715852
22,900,-0.023713540431581717,1917059
23,915,-0.1305947999525103,1468650
24,930,-0.2499404903594477,1789091
