,time,close,volume
0,570,0.2257336343115076,308840
1,585,-0.2640513013956874,295878
2,600,0.35707573764329587,232943
3,615,-0.009397613006301209,137050
4,630,-0.3300018857250559,142252
5,645,0.23516132066597686,156161
6,660,-0.13186399171140678,200634
7,675,-0.22656471254601612,137471
8,690,0.0624550691439834,117015
9,705,-0.1523125620069051,154068
10,720,0.2873563218390869,76207
11,735,0.028162407612701737,89986
12,750,0.09889437779346724,98360
13,765,0.2018968917269126,73940
14,780,-0.21645021645020682,109815
15,795,-0.047076546464562066,121556
16,810,0.0665219555384959,110043
17,825,0.036963882618507554,157602
18,840,-0.18846588767432024,107361
19,855,0.032970656116053494,101411
20,870,0.20212465920842662,94504
21,885,-0.27337858220211747,125795
22,900,-0.01602820964897835,152836
23,915,0.08666572464791931,214959
24,930,0.11761385020700038,231139
