,time,close,volume
0,570,-0.4868002246770363,916873
1,585,-0.16879219804950546,592623
2,600,-0.01875820671543427,521976
3,615,0.046873535202022275,504379
4,630,0.009373828271470862,401890
5,645,0.54074212194667,529748
6,660,-0.44952238246863085,457882
7,675,0.13093901982790926,300790
8,690,-0.43208716888973137,251225
9,705,-0.3326830463588589,277466
10,720,0.3128523111612161,327598
11,735,-0.22598870056496695,352044
12,750,-0.2643504531722065,273159
13,765,0.6565372350403328,471524
14,780,-0.056306306306308444,257019
15,795,-0.367335405481775,345438
16,810,0.24429202292587157,324064
17,825,-0.3488591363379262,343894
18,840,0.9710550887021401,257561
19,855,0.47393364928910425,611200
20,870,-0.009293680297402525,378579
21,885,0.33345683586513475,293085
22,900,0.44264109184803024,379450
23,915,-0.6870937790157798,541822
24,930,0.609080841638978,660486
