,time,close,volume
0,570,0.6504065040650464,47880
1,586,-0.11269722013523382,21176
2,600,-0.008114858305556359,19168
3,616,-0.04450124032174217,16910
4,631,-0.4631843926998049,12777
5,645,0.7520111927247266,11332
6,660,-0.08001200180026834,10921
7,675,0.239461212272382,12547
8,690,0.04114046351589405,13097
9,706,-0.36159351383814453,22200
10,720,0.23965250386938428,23964
11,735,0.08978899585973303,11953
12,750,0.0,15475
13,766,0.42839581289658213,14453
14,780,0.09800029772241894,10182
15,795,-0.09188209292507998,14508
16,811,0.2731597625516065,7432
17,825,0.27832658302874874,18907
18,840,-0.15211288507438916,11379
19,856,0.09760316283666465,21560
20,870,-0.2824858757062113,6744
21,885,-0.14641288433381516,17202
22,900,0.19936846015725343,15928
23,915,0.03342328736600919,32051
24,930,-0.07432917915810099,39251
