,time,close,volume
0,570,-0.5423241530268874,858926
1,585,0.28739480589991745,457349
2,600,-0.39910711933330384,404547
3,615,0.30730912055066967,273798
4,630,0.0,206154
5,645,0.17179023508137228,196479
6,660,0.045187528242215426,138162
7,675,-0.10856780964444454,141973
8,690,0.05425445338638418,150178
9,705,-0.045232495024422975,121458
10,720,-0.009047317470374664,106412
11,735,0.009046499004889737,150764
12,750,-0.0904562744872607,130184
13,765,-0.07258064516129178,89994
14,780,-0.18746567290191002,124451
15,795,0.014976853952988771,118827
16,810,0.11786038077968763,147993
17,825,0.08451599870644258,129053
18,840,0.0784757422157925,118339
19,855,0.009050592813821074,86270
20,870,0.02714440825190114,93472
21,885,0.036179450072364554,99961
22,900,0.01808645324651476,129070
23,915,0.12193469719550658,168778
24,930,0.05867485105614527,266219
