,time,close,volume
0,570,-0.361875637104999,64236
1,585,0.41114664230242237,36235
2,600,-0.06603006907760842,41332
3,615,0.29373037577231464,41144
4,630,-0.28950175224745883,46400
5,645,0.18756970495792585,74311
6,660,-0.5607667210440428,307217
7,675,0.05604524379681747,148024
8,690,-0.15308465581467132,75328
9,705,-0.04083924651590817,41288
10,720,0.3459327466042666,92180
11,735,0.15238482247168758,211057
12,750,0.35934811215710494,28123
13,765,0.14151420196098308,31604
14,780,-0.07080720210399291,34923
15,795,0.10609811549538116,30229
16,810,0.30724287297269326,26708
17,825,0.030211480362538908,50231
18,840,-0.33343437405274157,61409
19,855,0.02020406101626025,30777
20,870,0.16137165910238102,31249
21,885,0.2314348963574057,30326
22,900,0.24091547881952327,141518
23,915,-0.25158498540807084,63048
24,930,0.2509536237703272,92452
