,time,close,volume
0,570,-0.8426221895982005,1091396
1,585,0.2245534669682611,658918
2,600,0.5121440211065388,425590
3,615,0.25541795665633443,358371
4,630,-0.39637920302991475,196394
5,645,0.5197035919302601,210547
6,660,-0.317947270383907,163929
7,675,0.28055523334492743,237616
8,690,0.29683885890515876,170805
9,705,-0.09260688377834243,156806
10,720,-0.42236602472198703,197239
11,735,-0.7625421194219729,185526
12,750,-0.2885895528232529,141847
13,765,0.2655627587284257,191826
14,780,0.14818281079394613,139835
15,795,-0.19535828709853872,124466
16,810,-0.14116954744361504,120198
17,825,0.22673329169270728,195659
18,840,-0.31328320802005455,119212
19,855,0.47540765095302273,146658
20,870,0.1168639053254508,178095
21,885,-0.1872074882995391,216132
22,900,-0.36796367337351027,257014
23,915,0.30440212300967884,210905
24,930,-0.4468835750686064,215229
