,time,close,volume
0,570,-0.039096098209396475,508561
1,585,0.9450074006603575,438335
2,600,0.10823984526113072,452674
3,615,-0.878914862878829,277696
4,630,0.06715544809298499,279646
5,645,-1.2636432638470432,237948
6,660,-0.7921824622855613,328507
7,675,0.6516976565774786,374819
8,690,-0.5158593561814464,232749
9,705,0.7074950428775391,211963
10,720,0.2312175145692218,241513
11,735,-0.20517676767677173,142880
12,750,-0.635324015247774,561286
13,765,0.03175611305175615,205052
14,780,-0.3810911223778961,173486
15,795,-0.33880252458658083,204348
16,810,-0.7960802898999194,234468
17,825,-0.6248175182481828,238468
18,840,0.436046511627912,221039
19,855,0.0,209646
20,870,-0.25906735751295934,202950
21,885,-0.19467878001297442,269665
22,900,-0.7189542483660093,142114
23,915,-0.008170602173384358,285893
24,930,-0.5752321472594321,262888
