,time,close,volume
0,570,-0.3392803780401815,7405438
1,585,-0.05939023673853164,4947834
2,600,-0.3875029559558075,4046344
3,615,-0.10797567743079156,3833679
4,630,0.2708272004710085,2569240
5,645,0.4045387618967728,3065767
6,660,-0.14139828102437346,3045757
7,675,0.4913521093841162,2246422
8,690,-0.23720971095555843,3061447
9,705,0.02342263211827963,2264480
10,720,0.4140303816660395,2085713
11,735,-0.3334991077436279,2216926
12,750,0.046784993713273784,2052187
13,765,-0.16108247422680746,2076417
14,780,0.14108464376711916,1758496
15,795,0.15103393415948466,1625965
16,810,0.011796309273544072,1867771
17,825,0.22729113366477655,1888723
18,840,0.2671859301446519,2250270
19,855,0.023296345785159683,2354994
20,870,0.46733457385354965,2944803
21,885,-0.14418967717726136,3236792
22,900,-0.06501445731470672,2811386
23,915,-0.09395934228460757,2190448
24,930,0.3266273557636708,2479667
