,time,close,volume
0,570,-0.13774104683196617,430999
1,585,0.46403712296983524,224724
2,600,0.2944269190325985,226816
3,615,0.10504201680673164,220356
4,630,0.24101435607251803,196961
5,645,0.1778242677824137,126030
6,660,-0.12568077084205104,171077
7,675,-0.08385744234800659,336743
8,690,-0.05957425385345755,116951
9,705,0.0909567222047688,250854
10,720,0.03142677561280843,134893
11,735,0.03141690229343506,77479
12,750,-0.24144446777240158,64578
13,765,0.031482841851192295,109172
14,780,0.05244388504300101,78974
15,795,-0.29191321499014167,78470
16,810,-0.013150973172017718,95625
17,825,0.16804957462451067,318793
18,840,0.1363541011118205,91130
19,855,-0.010489877268441326,67986
20,870,-0.03147953830010612,85680
21,885,0.1152918981238858,111760
22,900,0.020957770093272796,110991
23,915,0.015715857300001423,151010
24,930,-0.34167367535743126,189110
