,time,close,volume
0,570,0.9937206608547189,2129620
1,585,-1.0908418587452302,2027018
2,600,0.5028207014962114,1184123
3,615,-0.4297269035645538,705022
4,630,0.09708379475820131,695398
5,645,0.5749938830437961,614982
6,660,0.05502231460536982,532620
7,675,-0.6213090551181046,728046
8,690,0.1964636542239644,459293
9,705,0.03682337056585386,299786
10,720,0.26931080915656613,397310
11,735,0.14668133480015222,370124
12,750,0.3410890486051908,383970
13,765,0.3822583581093353,355624
14,780,-0.3837251796808353,601207
15,795,-0.1769479528952471,338272
16,810,0.054884742041714486,323701
17,825,-0.2690473278708559,215746
18,840,0.006114338122910013,341232
19,855,-0.012230171833920524,258934
20,870,0.2622590875823413,289981
21,885,0.10941905548691086,362468
22,900,0.1308147140390372,721487
23,915,-0.4981044392809178,612182
24,930,-0.29437017048938413,591027
