,time,close,volume
0,570,-0.36942608876632915,258343
1,585,0.5330711106510719,139034
2,600,0.14470284237726158,343458
3,615,0.06197706848466302,192715
4,630,0.047286791291796505,163801
5,645,-0.1300527240773267,126549
6,660,0.2577851103320272,115314
7,675,0.20580366330520974,126344
8,690,-0.26826248452332346,158911
9,705,0.0206313183412379,184112
10,720,0.16477857878475446,137871
11,735,-0.10309278350514879,130288
12,750,0.08240626287597681,130904
13,765,-0.05153045449860574,159174
14,780,-0.14449375580555326,81529
15,795,-0.05163155720776245,117232
16,810,-0.18621973929237207,113928
17,825,-0.15542430836181895,99188
18,840,0.051781275890635,127466
19,855,0.0258839364290433,86650
20,870,0.015527950310559594,121981
21,885,-0.020708221163797908,137872
22,900,0.11893065825533368,128760
23,915,-0.12425575977218777,203237
24,930,-0.005177591384497943,240126
