,time,close,volume
0,570,0.26707021848842505,23979
1,585,-0.3310208908159343,11956
2,600,-0.7625704980538516,25157
3,615,0.111084662381973,21797
4,630,0.1426194437841634,28424
5,645,-0.5737508964857749,19671
6,660,-0.23162939297123966,34581
7,675,-0.5218787635487802,27486
8,690,-0.6302011796073371,27086
9,705,0.12104583602324538,33894
10,720,0.052425696656851824,39274
11,735,0.05239822652156205,38965
12,750,-0.04637377260720635,44444
13,765,0.3756226900208798,75758
14,780,0.6981290142418319,99505
15,795,-0.015959781350992318,15986
16,810,-0.011971268954509633,28843
17,825,-0.20793346129237916,18282
18,840,0.09188606128400374,25670
19,855,-0.12400000000000092,21421
20,870,0.6517246860594447,29093
21,885,0.05163442824801361,51405
22,900,-0.08347909047543646,17831
23,915,0.03576395787800652,122140
24,930,0.2813441115866254,63612
