,time,close,volume
0,570,-0.19646365422397138,9203342
1,585,-0.3181010118529097,4104516
2,600,-0.2739130434782544,2628899
3,615,-0.9613274219744519,2486417
4,630,-0.5783664459161215,3504144
5,645,-0.26661300870265164,3343950
6,660,-0.9086294416243614,3207020
7,675,0.33390670848932336,4068825
8,690,0.763128828195607,2894240
9,705,0.06021073758153765,3325766
10,720,0.3649452582112632,2005734
11,735,-0.361246299734082,1964037
12,750,0.2241714716521712,1896744
13,765,-0.07474627846696362,1290607
14,780,-0.3865419432709677,1488373
15,795,-0.22682594888856147,1427147
16,810,0.4000265077806455,1519079
17,825,0.19711374174391327,1362539
18,840,-0.09037111334001255,1303134
19,855,0.22556827393234694,1134100
20,870,0.17432584847738006,1342493
21,885,-0.675259105789593,1276633
22,900,0.23369127866957598,1672534
23,915,0.2288517369106018,1860255
24,930,0.12997400519895566,1796574
