,time,close,volume
0,570,0.33872209391840247,1503751
1,585,-0.46403712296984145,1381935
2,600,-0.0773993808049519,1994832
3,615,0.0,902458
4,630,0.07733952049497128,597369
5,645,-0.8580343213728504,558609
6,660,-0.3915426781519241,1589475
7,675,0.5451713395638652,1523736
8,690,-0.15600624024960666,691025
9,705,0.07794232268121425,468325
10,720,-0.07800312012480333,663457
11,735,-0.07806401249024032,757888
12,750,0.1558846453624285,794699
13,765,0.1556420233463002,742923
14,780,-0.07788161993769305,1006462
15,795,0.15862648129140944,680284
16,810,0.07459207459206639,574026
17,825,0.07763975155280715,605437
18,840,0.15503875968991915,590215
19,855,-0.0775795190069805,681083
20,870,0.0,1077088
21,885,0.15491866769945448,363302
22,900,0.3088803088803023,755737
23,915,-0.5434782608695535,1332660
24,930,-0.38971161340608507,2490438
