,time,close,volume
0,570,0.03946329913181359,785186
1,585,0.07886435331230116,487488
2,600,0.07880220646177925,444507
3,615,0.3142183817753411,482791
4,630,-0.315208825847131,417059
5,645,0.0787401574803133,1034792
6,660,-0.1577287066246023,685352
7,675,0.1574803149606266,251046
8,690,0.0,297459
9,705,0.0,413311
10,720,-0.07880220646177925,78743
11,735,-0.07886435331230116,155814
12,750,0.1574803149606266,148567
13,765,0.07867820613691237,134356
14,780,-0.2365930599369175,198398
15,795,0.07880220646177925,617905
16,810,-0.15785319652722632,236956
17,825,0.1576044129235585,385257
18,840,0.0787401574803133,248988
19,855,-0.07880220646177925,189174
20,870,-0.07886435331230116,179834
21,885,-0.3164556962025249,563000
22,900,-0.1584786053882833,493328
23,915,0.3159557661927403,340028
24,930,-0.31695721077655253,555864
