,time,close,volume
0,570,0.0,854756
1,585,0.0,297436
2,600,0.0,353164
3,615,0.16906170752324237,528294
4,630,0.25295109612141115,486010
5,645,0.08424599831507824,398087
6,660,-0.33812341504648474,353694
7,675,-0.25423728813558777,454304
8,690,0.08467400508043849,344377
9,705,-0.1696352841391124,138031
10,720,0.08474576271187766,516256
11,735,0.08467400508043849,661700
12,750,0.0,143276
13,765,0.08460236886632645,172029
14,780,0.08453085376162119,420757
15,795,-0.25423728813558777,261910
16,810,0.0,372371
17,825,0.0,459344
18,840,-0.3401360544217766,162300
19,855,-0.5128205128205171,763462
20,870,0.2761583307763192,1432965
21,885,-0.02046035805626373,1025868
22,900,0.3398470688190242,700002
23,915,0.08488964346349565,1006019
24,930,-0.4262574595055323,873941
