,time,close,volume
0,570,-0.38476673516680315,1204450
1,585,-0.7311164941642795,526966
2,600,0.1846397327120005,443467
3,615,0.07775195807543807,300742
4,630,-0.40223168015523747,311013
5,645,-0.45857332742579754,261656
6,660,0.1857420838492906,329841
7,675,0.2069386452734405,193873
8,690,-0.11217884993482553,619256
9,705,-0.24581450969971072,236311
10,720,0.04869626809508399,196637
11,735,-0.11967024199981466,167129
12,750,0.031015995391906234,131651
13,765,0.19016451441712667,141737
14,780,0.04862308270343686,160168
15,795,-0.06634819532907699,159878
16,810,-0.4175179888069762,210499
17,825,0.15078942700017892,160153
18,840,-0.019961407944634815,195479
19,855,-0.1732986735986202,145597
20,870,0.39612286447729933,145783
21,885,0.1701093560145768,132493
22,900,-0.16596592166408497,179911
23,915,-0.15070253978102696,193966
24,930,0.4105235278537911,299164
