,time,close,volume
0,570,1.6979228280157448,743732
1,585,-0.3141251614254421,633163
2,600,0.03489061791285117,512525
3,615,0.3684777696666327,276044
4,630,-0.5295036113320457,407958
5,645,-0.22935201401051591,201588
6,660,-0.05782676503058527,256980
7,675,0.19762154599510243,206125
8,690,0.43011127170146923,145517
9,705,0.04003481288076905,147394
10,720,0.1633532601140092,135893
11,735,-0.10437687008559297,340247
12,750,0.28448515126283414,117307
13,765,-0.372601594874114,104179
14,780,-0.024381748519677178,212766
15,795,0.3854123440204126,159084
16,810,-0.36592840228443413,93164
17,825,0.08698375143523189,102781
18,840,-0.464904921700238,116104
19,855,-0.038465573311870754,146664
20,870,0.027967138612125183,121770
21,885,0.09778926413577785,131816
22,900,0.266462320834582,135770
23,915,0.27441513104189647,160633
24,930,0.10583295742392408,174616
