,time,close,volume
0,570,-0.14342263782915496,86942
1,585,0.918004831604382,38388
2,600,-0.0881834215167555,62246
3,615,0.06822445846834735,103152
4,630,0.6761072081397212,57060
5,645,-0.29297162598403237,55745
6,660,0.02830936473786172,45709
7,675,0.192133815551539,45442
8,690,-0.19817677368212122,32627
9,705,0.21752026893414553,23397
10,720,-0.3316138540899087,39588
11,735,-0.15328715794255152,16294
12,750,-0.37039147529772476,20312
13,765,-0.05986828976253283,20549
14,780,0.19632390599214639,15851
15,795,-0.06548415568145127,11383
16,810,0.0199259891830325,13744
17,825,0.289509536784736,16296
18,840,-0.19337959276533012,16115
19,855,-0.039829302987193844,6165
20,870,-0.022764782880878742,16895
21,885,-0.17102787754404616,14693
22,900,0.22184300341297766,15736
23,915,-0.3606819045922709,19776
24,930,-0.12472134895685875,32768
