,time,close,volume
0,570,-0.7508799374266781,1433696
1,585,2.516202821197111,689126
2,600,0.4931714719271667,748664
3,615,-0.09113001215067174,513345
4,630,-1.2766487643064366,292518
5,645,-0.9904073944619278,358473
6,660,-0.3624883068288146,329665
7,675,-0.2413042934660338,296650
8,690,0.21738791423002254,417919
9,705,1.1560693641618496,250848
10,720,-1.2643409037696125,249855
11,735,0.015606710885688825,165334
12,750,-0.33667397431882773,205765
13,765,-0.5827689399905457,144556
14,780,0.5793924209207602,297120
15,795,-0.18433541200925554,135801
16,810,0.24686914370444568,145900
17,825,0.06998201579482448,94525
18,840,-0.12134497201237025,118505
19,855,0.050860719874802604,128451
20,870,0.32756200280767567,80847
21,885,0.25670945157527225,145052
22,900,1.191391237509595,278362
23,915,-0.15010969554674045,474382
24,930,-0.6625339015885235,335720
