,time,close,volume
0,570,0.5911163654788066,137619
1,585,-0.19917992699556328,220370
2,600,-0.9262169086251144,143980
3,615,0.03414717432133025,104140
4,630,0.323349217154523,78200
5,645,-0.4702060357356563,80538
6,660,0.8812812473519246,94008
7,675,-1.5459490902081965,103059
8,690,-0.16669539734528263,87413
9,705,-0.1899827288428315,61372
10,720,0.3098315339458764,95678
11,735,-0.12921299887939672,66547
12,750,0.04092798828167023,75710
13,765,0.6314482640523971,111537
14,780,-0.6072874493927111,121821
15,795,-0.2677491794783229,74012
16,810,0.30997072498708406,96656
17,825,0.37742322868416345,82969
18,840,0.10282776349614786,106021
19,855,0.06850488097276786,111585
20,870,-0.08570449091531908,114140
21,885,0.3246198530667994,80320
22,900,-0.20973333904036684,84606
23,915,0.3879935192291279,139563
24,930,0.08520064752492845,235749
