,time,close,volume
0,570,-0.9942764895802684,96346
1,585,0.21234531741963245,40130
2,600,0.6040756914119451,84765
3,615,0.3228263629438813,89043
4,630,-1.5657235484821692,42126
5,645,0.5204133988125836,44055
6,660,1.123351210320324,41589
7,675,-0.46965449448427693,83551
8,690,0.058145077426087544,33934
9,705,1.1403597122302238,31289
10,720,-0.6735713768378409,47502
11,735,-0.10875870069605982,55485
12,750,0.7983888369416772,23195
13,765,-0.19819105617815985,29023
14,780,-0.2709929180517416,22795
15,795,0.1875360646278065,15540
16,810,-0.6607129891817299,19163
17,825,-1.331665685697471,52095
18,840,-0.057051364631824614,61988
19,855,-0.23057625617944366,67954
20,870,0.1031915677747375,45974
21,885,-0.6155443488578939,34386
22,900,0.6117785803788488,78251
23,915,0.18760345778923956,61884
24,930,0.6178255465379826,110514
