,time,close,volume
0,570,-0.3428237982931674,146711
1,585,-0.20709482506578858,153346
2,600,-0.06338680579257665,113380
3,615,0.57206573907985,57015
4,630,-0.10434107398510273,86021
5,645,-0.08013988051873354,66268
6,660,0.2591740341528521,47525
7,675,0.17168004642614845,48615
8,690,0.05799903334944638,68029
9,705,0.2771418243161772,77475
10,720,-0.3530919732037001,73308
11,735,-0.09925438171783312,80194
12,750,0.0677375653183737,39261
13,765,-0.07747433662599099,35405
14,780,0.07741436036384583,45301
15,795,0.2317049623479387,80183
16,810,0.05307087373957333,69663
17,825,0.0482229830737302,79852
18,840,-0.14487854348771498,61835
19,855,0.1350373764166873,68122
20,870,-0.09089517994880238,50754
21,885,-0.034622627842963334,39425
22,900,0.0796120720851087,91223
23,915,0.09881422924901788,93259
24,930,0.04336304504938733,101126
