,time,close,volume
0,570,1.0576923076923022,685425
1,585,-2.5135534746180404,143691
2,600,0.06567066163191454,265659
3,615,0.2456600065509428,188072
4,630,0.15534298095004312,161734
5,645,1.2035541195476536,97495
6,660,-0.14560750687590407,196568
7,675,-0.7990867579908708,122013
8,690,0.6762502530876646,97969
9,705,-0.9277423573647139,66029
10,720,0.5365853658536558,75652
11,735,-0.531262770739686,62882
12,750,-0.1309436124069045,84489
13,765,1.6104356228359773,103283
14,780,0.0,163057
15,795,-0.12900104813351332,78991
16,810,0.5053746189635773,66064
17,825,0.0,62916
18,840,0.2879539273716201,68915
19,855,-0.056022408963579975,58408
20,870,0.15182995045548803,85393
21,885,0.14363230130864396,130467
22,900,-0.06387735547748188,145883
23,915,0.12759170653908355,89217
24,930,0.0,193659
