,time,close,volume
0,570,-0.013992035302973549,158405
1,585,0.39836366443114024,87764
2,600,0.09339308205738261,96209
3,615,0.29103389050612577,58735
4,630,-0.35981548803072827,45180
5,645,0.237363088542855,34452
6,660,-0.08046877340764322,32744
7,675,-0.04239247726220739,24946
8,691,0.020977733634147545,22554
9,705,-0.13675609400588415,12402
10,720,-0.12963598901098822,10955
11,736,-0.19224731520387245,28125
12,750,0.05158339530504348,21601
13,765,0.0994140369184678,18404
14,780,-0.13480913864054608,35719
15,795,0.08592873929650141,21465
16,810,-0.13379796936844465,32598
17,825,-0.22443132207511343,27025
18,840,0.014011519624742107,27123
19,856,0.08744588367918261,22820
20,870,-0.09680055016481633,23091
21,885,-0.1946172455503566,22368
22,900,0.08050365503859132,30802
23,915,-0.06933297924601284,32322
24,930,-0.06007338989571223,47491
