,time,close,volume
0,570,-0.3266837843175947,527122
1,585,-0.17807677087456156,214278
2,600,0.37394268052048796,228091
3,615,-0.764127520111237,145585
4,630,0.8761567237645213,156465
5,645,1.0102161783687236,128712
6,660,-0.19200351493849377,129080
7,675,0.36964980544746645,91613
8,690,0.6283228612856507,76364
9,705,-0.7646228023182161,105410
10,720,0.5714009006827652,97606
11,735,0.16437031665458227,83573
12,750,0.46196044463693176,73845
13,765,-0.36221385105766446,72285
14,780,-0.04590148092672619,99576
15,795,0.08689565280359497,104548
16,810,-0.19105199516324559,146926
17,825,-0.43965119385945794,51556
18,840,-0.505346418631901,44306
19,855,0.3793958850138631,76428
20,870,-0.25846093826197264,54796
21,885,0.2917436545755102,50397
22,900,0.6377427770799078,87281
23,915,0.216940654678695,101865
24,930,0.40810447474553213,111903
