,time,close,volume
0,570,-0.5367183506559974,29404
1,585,0.22101326079565206,40695
2,600,0.1527754201323991,62215
3,615,0.008486803021306217,37569
4,630,-0.11045029736618135,26214
5,645,0.16963528413910334,37919
6,660,0.3339109852487392,42040
7,675,0.0844630263102279,42654
8,690,-0.03802281368821437,48508
9,705,0.19396188227357394,16108
10,720,0.07584056627623108,27885
11,735,0.04211590296495717,22278
12,750,0.07575119939399327,12551
13,765,0.3271812080536918,17570
14,781,-0.06715916722632495,17901
15,795,0.09225865973328813,22039
16,810,-0.2522492222315624,15549
17,825,-0.06731173748423433,12452
18,840,0.004206806613108126,15492
19,855,0.2392143696491494,14581
20,870,-0.1176470588235299,12763
21,885,0.11750881316098755,19724
22,900,-0.025186802115692332,27892
23,915,0.03357112882921213,23518
24,930,0.4428475935828886,43679
