,time,close,volume
0,570,0.22163588390500658,805471
1,585,0.05274261603375228,651760
2,600,-0.3068458364194181,752302
3,615,-0.10592098294673077,565993
4,630,-0.28680688336519655,311531
5,645,0.391492963707549,330773
6,660,-0.16958134605194575,322890
7,675,-0.2017841971112975,169817
8,690,0.3492433061699633,240463
9,705,-0.15432818482072252,270647
10,720,0.048310202351951916,386234
11,735,0.08468296813803143,207699
12,750,0.10384040301074317,292000
13,765,0.0758664412510525,235230
14,780,-0.11636517507669464,213099
15,795,-0.04233252196000239,150263
16,810,0.02116178182204024,255645
17,825,0.010579771476926476,211106
18,840,0.010578652279704979,295127
19,855,0.07399577167018306,317325
20,870,-0.12701100762065023,230576
21,885,0.025395750444426594,296013
22,900,0.09091870176551275,524784
23,915,0.07394886963869975,420853
24,930,-0.19051651143098286,473646
