,time,close,volume
0,570,0.5682104520485802,34751
1,585,-1.1494838791894968,14362
2,600,0.2250562640660142,12791
3,615,-0.9900354409574241,11098
4,630,0.12312112040220032,10664
5,647,-0.37329101380216784,11488
6,660,0.027000244520800087,6922
7,675,0.17600205549845896,13571
8,691,-0.3506600660066042,9136
9,705,-0.33631706938478667,19473
10,720,0.3570277759876241,9117
11,735,-0.3920705985869895,9882
12,750,-1.0803599455896338,11484
13,765,0.05229031583351952,89009
