,time,close,volume
0,570,-1.0386151797603136,513240
1,585,-0.45392869830969773,754476
2,600,-0.6199730820995973,644390
3,615,-0.3837008214440164,326074
4,630,0.419761059089442,568666
5,645,0.3539253539253521,326320
6,660,0.35267714010900747,300114
7,675,-0.5750523996345425,227007
8,690,0.12088341513898423,209645
9,705,-0.5912520612828707,178719
10,720,0.11854168913816861,206554
11,735,0.5897490885696025,141150
12,750,0.23651839783656028,133221
13,765,-0.22633215396161882,96624
14,780,0.19250956929863328,125454
15,795,0.29883708524485697,94730
16,810,0.10263646760023509,177454
17,825,0.18478723404254963,111114
18,840,0.026588673225212103,101612
19,855,-0.058529317867411744,161486
20,870,0.042548665035641156,633800
21,885,-0.1278091383533971,113037
22,900,0.09576505639498128,173371
23,915,0.03191149877672709,105271
24,930,0.07440476190475466,212758
