,time,close,volume
0,570,-0.08865248226948591,1018995
1,585,-0.03695218387407536,256856
2,600,0.5292950084540167,161142
3,615,-0.11775962316920335,205385
4,630,0.044140366365042503,116273
5,645,-0.2433628318584163,169839
6,660,-1.0055865921787668,92394
7,675,-0.17161617669003862,141780
8,690,-0.014925373134335994,108000
9,705,-0.3309423621198336,82441
10,720,-0.2499530868830913,69743
11,735,-0.05632745024407707,62739
12,750,-0.12030979772914999,145510
13,765,0.5235993716807454,55043
14,780,0.31689221936398715,69199
15,795,-0.0037282827529605935,45806
16,810,-0.10450100768829947,54290
17,825,-0.32951396689882256,64711
18,840,-0.09745127436281517,95984
19,855,0.44033136801254075,72576
20,870,0.08575370045858147,74267
21,885,0.3010928555497741,49089
22,900,0.2891030392883727,62195
23,915,-0.1447607735421797,147516
24,930,0.3292637809840867,160477
