,time,close,volume
0,570,0.6484062537874327,1503869
1,585,-2.1858938633971152,676536
2,600,-0.06816210187136798,927537
3,615,-0.27800458079965623,1003751
4,630,1.1151022996373467,554407
5,645,0.8423810394199699,327501
6,660,-0.2626756261453921,366800
7,675,-0.22107409808685705,319847
8,690,-0.060585640774311576,214376
9,705,0.06899181954139086,152683
10,720,-0.14879529152105023,174374
11,735,0.0673937017522272,156081
12,750,-0.003063443923656191,146917
13,765,-0.14418947110075694,135472
14,780,0.3850620377727669,101211
15,795,-0.12545515743093083,104947
16,810,2.0678983119515473,170203
17,825,-0.6276889972294298,564423
18,840,0.30087484592489244,436544
19,855,-0.7847533632286919,188660
20,870,-0.36968059547892274,152804
21,885,-0.16888536875134608,222127
22,900,-0.13727045329753787,220530
23,915,0.3162439944049202,151023
24,930,0.22451456310679888,248016
