,time,close,volume
0,570,-0.3973638301996478,1457967
1,585,4.117252389634476,983680
2,600,-0.14014517029593468,1879307
3,615,-0.4660555433497033,1742011
4,630,0.6764787816881761,1169175
5,645,-0.02786550250789628,738189
6,660,0.10670378102529259,552241
7,675,1.0012400679740865,550333
8,690,0.4890310786106132,411451
9,705,0.11868894366839719,592382
10,720,0.10943912448700824,612507
11,735,-0.8739650413983467,506068
12,750,-0.10129846210516569,404096
13,765,0.31212705407142516,273297
14,780,0.009179364787948325,265243
15,795,-0.28998849252013603,155354
16,810,-1.1306146693156893,134057
17,825,0.04597059370927922,287555
18,840,0.28764962419968665,310189
19,855,-0.44738559045576454,171162
20,870,0.36218424962852946,215589
21,885,-0.260707635009312,185111
22,900,0.04653327128896897,199517
23,915,-0.570947210782478,206219
24,930,0.0,367855
