,time,close,volume
0,570,0.43750031906382003,1036551
1,585,0.6377536231884049,503638
2,600,-0.8329679964927563,598390
3,615,-0.4624532041400748,403162
4,630,1.0962683316393345,290667
5,645,0.14499057561257694,276159
6,660,-0.4222481071636459,345348
7,675,-0.13121446274967694,363068
8,690,0.8671773377655648,265849
9,705,-1.3550135501354972,430722
10,720,0.262984878369483,407958
11,735,0.11674571324336008,306310
12,750,0.20388844389427008,317837
13,765,0.050946142649194455,164810
14,780,-0.10928961748634294,202534
15,795,-0.2263765152621603,111436
16,810,0.2258652094717685,154386
17,825,-0.3216139171113206,214834
18,840,-0.14640216675205958,235657
19,855,0.0914177057812557,148169
20,870,-0.23457830883702058,145159
21,885,-0.14315078549404875,161465
22,900,-0.13967507167536405,253812
23,915,-0.06620567897602135,277623
24,930,0.0441176470588252,302130
