,time,close,volume
0,570,0.5065810303496334,37935
1,585,-0.3130671506352077,24072
2,600,-0.03858112248372011,26181
3,615,-0.11587748795782761,19591
4,630,-0.10007278020378405,21092
5,645,0.26992083834236796,21936
6,660,0.10196682679234764,20017
7,675,-0.09525969607621138,13876
8,690,0.04080892355128476,13247
9,705,0.10870549868647936,13383
10,720,-0.20196518937072783,11513
11,735,-0.3164268803496729,18467
12,750,0.049647529841993526,15840
13,765,-0.20478796169630056,9835
14,780,-0.05474952094169384,20772
15,795,0.03192702394526485,12338
16,810,-0.07759722475807353,21303
17,825,0.013691753000776385,12168
18,840,-0.20121644487127915,15897
19,855,0.16891891891892102,17169
20,870,-0.01826484018264477,13664
21,885,0.10491264881630696,17703
22,900,0.38396001363171595,20323
23,915,-0.07730610945635046,42272
24,930,0.05226797563858244,40292
