,time,close,volume
0,570,0.42360060514372344,151840
1,585,-0.5476118040766648,141112
2,600,-0.28985507246376463,72738
3,615,-1.2394300938260085,46146
4,630,0.06945248292626724,163656
5,645,-0.48075059124569036,105925
6,660,-0.08148378084742337,70686
7,675,0.10465521919453538,59912
8,690,-0.20585722053912436,66656
9,705,-0.1548264620986251,52954
10,720,0.20497690127720924,131735
11,735,-0.05826600372901541,35899
12,750,-0.7041151619464917,31207
13,765,0.24194177788184051,80927
14,780,-0.17982799061766205,89320
15,795,0.07890563354973718,63152
16,810,0.3417938336966622,78532
17,825,0.7802240247199621,127354
18,840,-0.31384400790422035,144261
19,855,0.45896328293736416,79630
20,870,0.2423915970913209,52131
21,885,-0.3203643662189443,56556
22,900,0.7508427827153066,119038
23,915,0.07655795437145484,122375
24,930,0.16051364365971715,110079
