,time,close,volume
0,570,0.5621767483696875,252646
1,585,0.10108952038639044,287584
2,600,-0.19153768070600444,252770
3,615,-0.11221245558258033,188311
4,630,-0.3847545804116669,177977
5,645,-0.045259108395571686,187291
6,660,-0.3178206583427936,124410
7,675,-0.19333560786988227,141947
8,690,-0.4455106237148738,226347
9,705,-0.06858710562414526,136361
10,720,0.5615295428194691,392687
11,735,0.32088033610854827,501904
12,750,0.2743502824858786,297482
13,765,0.045177320984872656,271244
14,780,0.47212230215825934,188270
15,795,-0.45167118337849077,277022
16,810,-0.20366598778004846,81450
17,825,-0.20408163265305282,87577
18,840,-0.02268088001814019,113043
19,855,0.09064128710627498,234453
20,870,0.20352781546810564,106962
21,885,0.3268342161613955,151552
22,900,-0.07895330475976471,165637
23,915,0.11266336187472795,228699
24,930,0.4039497307001789,295978
