,time,close,volume
0,570,-0.238344278879951,6099447
1,585,2.0034027179734757,1964686
2,600,-0.08577158690049082,3216913
3,615,-0.4370666283793447,2091056
4,630,0.36822432737633237,1646514
5,645,-0.07560368846294796,1199894
6,660,0.1011011937310234,819336
7,675,-0.47927373546119095,828778
8,690,0.1920836691085534,595263
9,705,-0.03771722110589032,611417
10,720,0.13738727349347526,433294
11,735,0.4630878288042255,451468
12,750,-0.23039147800421525,632417
13,765,-0.14652980110143524,452938
14,780,0.00505220613000551,338681
15,795,-0.3074428190141451,304054
16,810,0.11642229233805339,691771
17,825,-0.2698473121008186,468203
18,840,-0.21960738567174096,580846
19,855,0.21279529640674233,407256
20,870,0.17270209100427705,321780
21,885,-0.12429712932818668,454482
22,900,-0.06703006063843667,350877
23,915,-1.1042130883089003,386770
24,930,-0.5349565247305912,1405257
