,time,close,volume
0,570,0.086849354791937,479691
1,585,0.05796261411390559,240306
2,600,0.23131415353476445,223100
3,615,-0.028922631959502558,160639
4,630,0.08669267446899012,174737
5,645,-0.2026929202258587,290301
6,660,0.1301330248698719,124224
7,675,-0.20283975659229292,101156
8,690,-0.0072448018546626865,120158
9,705,0.06516072980017623,59157
10,720,-0.061578585141455394,60360
11,735,-0.03986084939846849,61190
12,750,-0.15969802555168328,57415
13,765,-0.014520110352825476,58924
14,780,0.1474517809478292,109553
15,795,-0.06775480594849663,55292
16,810,-0.14529604068288313,84217
17,825,0.007264274298990923,73662
18,840,-0.007264802034137962,164183
19,855,-0.029067654966929757,87489
20,870,-0.043620501635770456,138298
21,885,-0.04363953742090499,178589
22,900,-0.007273785277872656,105650
23,915,0.03635570420999881,120663
24,930,-0.050923905136034606,206448
