,time,close,volume
0,570,-0.5035383777898617,178574
1,585,0.5144868670457561,143708
2,600,0.18918918918918998,100986
3,615,-0.1488699418053856,112915
4,630,0.538430475164902,97356
5,645,-0.2834773218142656,116490
6,660,-0.2435723951285421,134859
7,675,0.013529968881059267,69717
8,690,-0.16941112692281632,50688
9,705,0.04741262530479083,53466
10,720,-0.21721422753189873,48216
11,735,-0.34055305816646236,48765
12,750,0.011168892726874543,57246
13,765,-0.18175615746742474,48269
14,780,-0.11612021857922643,75244
15,795,-0.08203445447088087,63668
16,810,0.0,65645
17,825,-0.07525484025450753,54552
18,840,-0.35013044075243094,66983
19,855,0.0,59887
20,870,0.04117485588800595,46866
21,885,-0.12367733956301143,48272
22,900,0.20570488206254206,61036
23,915,0.3552883301448553,88508
24,930,-0.21911804984937117,180058
