,time,close,volume
0,570,-0.6628787878787905,1651605
1,585,0.283286118980164,1195409
2,600,1.4883720930232571,1136066
3,615,0.1857010213556135,1854551
4,630,-0.37278657968312345,1091953
5,645,-0.18674136321194745,574272
6,660,-0.08784554137152296,1445202
7,675,-0.47511737089201234,441710
8,690,-0.6616257088846907,335968
9,705,0.09442870632672132,291907
10,720,0.0,1658956
11,735,-0.18921475875117855,490593
12,750,-0.6647492428715716,309718
13,765,0.09324452901998338,543641
14,780,-0.47609032332077206,254537
15,795,-0.28954937679770537,474431
16,810,0.5719733079123022,351179
17,825,-0.19102196752626144,2111706
18,840,0.0,651955
19,855,0.09541984732824223,365844
20,870,-0.28708133971292954,1086937
21,885,0.0,345565
22,900,0.1910219675262784,339645
23,915,-0.38350910834133195,1185074
24,930,-0.09596928982725324,902527
