,time,close,volume
0,570,0.7820010070647115,81112
1,585,-0.8804741014392407,27337
2,600,0.7046128450463139,33591
3,615,-0.870782532546426,39209
4,630,-0.25379847597260136,15486
5,645,-0.13775383853392556,16092
6,661,0.1776802682199492,12554
7,675,-0.38464521132222074,15737
8,690,-0.5011417927315006,24086
9,705,0.10743898166531271,28950
10,720,0.39934863523572145,21349
11,735,-0.0558624542238067,23753
12,750,-0.13673938715894543,21728
13,765,-0.032641641408241655,129979
