,time,close,volume
0,570,-0.022800444366105788,30327
1,585,0.21637757160145812,55369
2,600,-0.14138557867097326,95919
3,615,-0.08490337187677204,38961
4,630,-0.08076380875000759,26643
5,645,-0.4064353619891173,27208
6,660,0.10551948051948837,32686
7,675,-0.3175637163097472,27625
8,690,-0.04072987943955454,23330
9,705,0.11391375101708753,17651
10,720,0.032536196518620504,15148
11,735,-0.18335166850017873,17462
12,750,-0.02037655880675335,14808
13,765,-0.1305802660572893,18970
14,780,0.024477806788512673,24606
15,795,0.1710515598273143,18951
16,810,0.07325411036952907,16997
17,825,0.10569965037807584,14569
18,840,-0.0007317721651767964,18360
19,855,0.008861788617891522,15792
20,870,0.05687819939871064,16946
21,885,-0.04877652223395501,18512
22,900,-0.06507768648824394,18211
23,915,0.08940182054616339,21881
24,930,0.12176313012419147,50168
