,time,close,volume
0,570,0.5401287999446029,477276
1,585,0.15211228652423348,331006
2,600,-0.11767963450089124,339193
3,615,-0.7602706284438888,183149
4,630,0.22964509394570917,252582
5,645,0.43649968821452495,204389
6,660,0.013855213023887642,224099
7,675,-0.1610486969349419,178942
8,690,0.4848087280762336,160004
9,705,-0.4926792033862879,112904
10,720,-0.04866707072139381,214144
11,735,0.09024068807657541,122373
12,750,0.24218101300859585,158111
13,765,0.16579165515334393,118925
14,780,0.04833252779121839,214705
15,795,0.508346499965639,173917
16,810,-0.41387873353107146,171506
17,825,-0.6806028196402456,194635
18,840,-0.30651340996168425,156377
19,855,0.04873972984263555,150731
20,870,0.56709021310711,230343
21,885,0.11817993223153125,174003
22,900,-0.4445370563311904,213197
23,915,-0.25067892208062476,217367
24,930,0.4850668699327757,265890
