,time,close,volume
0,570,-0.5759278838128076,87419
1,585,-1.336415924213378,58217
2,600,-0.3394817245671576,114415
3,615,0.7120486496355402,40116
4,630,0.3317469204927218,120142
5,645,-0.03500665126374011,88818
6,660,0.0014002464433727603,74752
7,675,0.2681264663166228,47851
8,690,0.2382312375485759,41081
9,705,0.1599577155256476,46093
10,720,-0.3797715785652491,49470
11,735,-0.29406822382793124,32125
12,750,0.22355110937238343,142098
13,765,0.016763522574877704,50256
14,780,-0.08668661390900764,20276
15,795,0.0335448522628811,28170
16,810,-0.19465878695365807,25457
17,825,0.14962105322033958,22416
18,840,-0.07836771250244136,19698
19,855,-0.2497194163860952,28768
20,870,0.18484288354899037,56478
21,885,0.3766635975558781,36146
22,900,-0.5414048473967703,31086
23,915,0.5884157394238425,42323
24,930,-0.08093776165223657,68110
