,time,close,volume
0,570,-0.009334104952688823,50919
1,585,-0.14956905416268523,22542
2,600,0.5226156821901402,24767
3,615,0.6100040666937905,14079
4,630,0.516743595873397,30019
5,645,0.11872828488324533,43254
6,660,0.3073711580894061,27567
7,676,0.45841459635819887,30727
8,690,-0.08848023789326066,43745
9,705,0.20845090935571042,15634
10,720,-0.09293341594081252,40787
11,735,0.03643119967941373,33411
12,750,0.3386973883975035,43119
13,765,0.3841618894334343,33114
14,780,-0.18116926644564016,89168
15,795,-0.2561028770706339,25284
16,810,-0.2074915365294286,23023
17,825,0.06184516880093711,16276
18,841,-0.13934553138006472,12981
19,856,0.2724820388922697,24745
20,870,0.48897324656544483,18480
21,885,-0.1430097210405455,24350
22,900,-0.15683217144566794,37728
23,915,0.23244035236873575,29685
24,930,0.3622665993799998,82560
