,time,close,volume
0,570,-0.6567983531026304,68593
1,585,-0.9120766065210537,42264
2,600,-0.28571428571428525,47467
3,615,1.3930192518390994,57302
4,630,0.7071256507887145,63431
5,645,0.33109377117742295,93141
6,660,-0.5744664277924999,63379
7,675,1.07874865156419,48212
8,690,-0.5484142008946219,224289
9,705,0.3707955518427829,40295
10,720,0.6327587198711395,88370
11,735,-0.563065234578368,50506
12,750,-0.4785903430578829,30437
13,765,-0.18146879276378083,40499
14,780,-0.13800476213614318,22396
15,795,-0.07878304511058273,23976
16,811,0.15537902771572523,24744
17,825,0.44665300282299114,42303
18,840,-0.046427051495317714,56242
19,855,0.4141863645995833,52441
20,870,0.19035532994924032,48602
21,885,0.006729281024382717,78627
22,900,-0.03365772973803795,54443
23,915,-0.2178061332665348,68154
24,930,0.2710391757333593,88339
