,time,close,volume
0,570,-0.35057871265434837,171421
1,585,-0.6191267900078592,76592
2,600,0.3790599726105229,100331
3,615,-0.13065807686834463,48058
4,630,-0.3101398873634199,42904
5,645,0.4431238292099929,61806
6,660,-0.05816959669078745,63857
7,675,0.023262426012555244,43167
8,690,0.10328177851223479,55116
9,705,0.12893576420227443,54755
10,720,0.13905698761361823,54321
11,735,-0.4176202112666975,31034
12,750,-0.09447392260902089,47988
13,766,0.1653789503604709,27753
14,780,-0.14750789296620082,29364
15,795,0.2539726626396909,28804
16,811,-0.15094876169795468,28693
17,825,-0.13201832725013354,24176
18,840,0.04398675222521629,20419
19,855,-0.18664454583161222,41243
20,870,0.06838953018465432,22774
21,885,-0.15151515151515235,29463
22,900,0.1528378623422985,26449
23,915,-0.17906264597498256,32347
24,930,0.30012936610608665,56785
