,time,close,volume
0,570,-0.7697920841940831,403855
1,585,0.7153061224489786,159492
2,600,0.6004543979227482,286739
3,615,-0.789204661623381,159803
4,630,-0.16590554095016793,242885
5,645,-0.382357173694053,79160
6,660,0.06574216743708129,78641
7,675,-0.3235912444865809,44157
8,690,-0.38276126042249037,50873
9,705,0.4192720941971558,63396
10,720,-0.15579538185344824,61847
11,735,-0.5414937759336128,48296
12,750,0.18740746109482667,40277
13,765,0.04864014571346062,32358
14,780,-0.09737501812832172,29692
15,795,0.21500485828284793,89493
16,810,0.08675355792865881,18756
17,825,0.438037264015135,29803
18,840,-0.10911411689621243,23150
19,855,-0.09887682684108354,52572
20,870,-0.4014400695205984,30845
21,885,0.1116048362095733,32131
22,900,0.08260196179658798,22566
23,915,-0.1613336918526429,52427
24,930,0.17962588264441257,54825
