,time,close,volume
0,570,-0.43179357397236334,141036
1,585,0.30432690431909043,68420
2,600,-0.9174191516169689,54680
3,615,-0.5914659907055217,40652
4,630,0.10287251721135986,66022
5,645,0.4071875164188545,39989
6,660,0.3103353454935909,38684
7,675,-0.15869268702130368,31840
8,690,-0.3025599200189519,28063
9,705,-0.27701561840437805,26147
10,720,0.1422625006586131,24590
11,735,-0.047443331576174703,24100
12,750,0.2314084358893435,21354
13,765,-0.35891481051408125,32429
14,781,-0.1665388987284875,18450
15,795,0.15835730687005883,26014
16,810,-0.25401529383747773,19881
17,825,0.039674143038504354,24445
18,840,0.04494382022472331,20810
19,855,0.0752902637801062,19490
20,870,0.0013208643736449127,23484
21,885,-0.09254607472435092,25154
22,900,0.021148914796305308,20956
23,915,0.15177711201152067,23365
24,930,-0.10172805580511751,36018
