,time,close,volume
0,570,0.05223685357983689,46127
1,585,0.2001740644038329,25000
2,600,0.09564385705590768,37569
3,615,-0.139312146277763,33149
4,630,-0.2181500872600349,43267
5,645,0.14377205594040537,29722
6,660,0.18698904157245033,42278
7,675,-0.06527131108307109,24657
8,690,-0.16126220362622234,28866
9,705,-0.0959776633801583,29819
10,720,0.0348887919755833,26357
11,735,0.23494604942568398,19102
12,750,-0.004351042074572904,20051
13,765,0.10865785813630041,19974
14,780,0.09552757273121965,25376
15,795,-0.05213311321574617,44486
16,810,0.09548611111111062,28256
17,825,-0.13472988830457747,56041
18,840,-0.12619669277632378,36035
19,855,0.12169680111265696,33504
20,870,0.06862464058929763,31738
21,885,-0.14702044367115868,36061
22,900,-0.11409261533369933,61014
23,915,0.08788722589627487,56441
24,930,0.23439534681829674,78562
