,time,close,volume
0,570,-0.7284832896514712,68681
1,585,-0.2734180521208189,66914
2,600,-0.6464809095091114,74882
3,615,0.33729573959459985,32328
4,630,-0.3483290066051074,25495
5,645,-0.15826328711381885,38322
6,660,-0.1513498368329177,40915
7,676,-0.2420387427202564,24049
8,690,0.03963568202274248,21334
9,705,-0.5838870431893666,20515
10,720,-0.12640542878051875,32235
11,735,0.44541585945390044,28736
12,750,-0.22569991868163033,24490
13,766,-0.08138453361679662,17628
14,780,-0.39351697458814333,12855
15,795,0.801402661417718,25083
16,810,0.2606637025794038,33175
17,825,0.316575394280275,24100
18,840,0.14779053155327476,13182
19,855,-0.4097380809088458,14570
20,870,-0.47135733451594813,12817
21,886,0.2718223646711913,18565
22,900,-0.13814211266439286,18293
23,916,0.6663872934486897,20345
24,930,0.08784316301063448,45262
