,time,close,volume
0,570,-0.1348083665820416,1805332
1,585,-0.6908725690111641,824797
2,600,-0.5544157395800685,663343
3,615,-1.0259708137521633,555210
4,630,-0.3537077257213733,642138
5,645,0.38326018421215585,425305
6,660,0.858000858000844,476900
7,675,0.03369581865523469,340420
8,690,-0.10118974610572307,330485
9,705,-0.8535378525482405,257203
10,720,-1.2713411750557435,270868
11,735,0.4425667248690611,427159
12,750,-0.41327489041955234,426230
13,765,0.1000875766295665,288098
14,780,-0.05633097577768255,259035
15,795,0.009012143863853331,180182
16,810,0.346513658475738,144578
17,825,-0.2814434924010364,156688
18,840,-0.6103699974830097,193888
19,855,-0.3156167150612297,183233
20,870,0.22672880715456206,214846
21,885,-0.6146632025853868,193978
22,900,0.10760855804531429,285781
23,915,-0.08235666772251851,315357
24,930,-0.38155802861684857,376082
