,time,close,volume
0,570,-0.016662341032953845,118216
1,585,0.5035506778566787,82914
2,600,-0.2563040439082507,203505
3,615,0.6708178546686525,70470
4,630,-0.11549353792286673,58453
5,645,0.40002051387250687,64453
6,660,0.14850471118393693,45697
7,675,-0.3210808866969767,47633
8,690,-0.3117753156402936,97264
9,705,0.3236079720567061,47065
10,720,0.07186120521506331,34558
11,735,-0.007700007700000697,53944
12,750,-0.6016318942367385,32611
13,765,-0.18107506854984445,39740
14,780,-0.13469408900170485,38002
15,795,-0.36395778089741,28085
16,810,0.1350018173321517,43579
17,825,-0.07274616783580919,49201
18,840,0.03635985871598878,56749
19,855,-0.0935842778413262,41136
20,870,-0.5016198139826564,52165
21,885,-0.1203243526026627,41123
22,900,0.28950731592812223,54480
23,915,-0.18028846153846095,105204
24,930,-0.23046302116070927,91911
