,time,close,volume
0,570,-1.8714222809335177,67565
1,585,0.7628862225297333,36059
2,600,1.0182381776239866,67319
3,615,-0.06672557753692532,70715
4,630,1.682624113475179,47224
5,645,0.6937352537239945,38321
6,660,-0.06871641265088539,55786
7,675,-0.6615586534709489,55038
8,690,-0.2524893314367128,51397
9,705,0.18210022256695063,55278
10,720,0.2891728312037484,32421
11,735,-0.030802675230042556,26190
12,750,0.6252199000774201,16944
13,765,-0.10918953189391083,20539
14,780,0.16527181939657165,34937
15,795,-0.5693673303391498,27926
16,810,-0.7697516125583437,34870
17,825,-0.15347276750660532,23752
18,840,0.13544339891645119,30409
19,855,-0.27162258756254143,13682
20,870,0.3028683413504244,18158
21,885,-0.5913978494623574,20857
22,900,0.21102328409455812,22212
23,915,0.448638063022983,29321
24,930,-0.1604850213980191,41150
