,time,close,volume
0,570,0.6602399181674453,30845
1,585,0.23193963384463134,37034
2,600,-1.292680380077268,91241
3,615,-0.9188813252123361,42058
4,630,-0.5637623720407827,18233
5,645,1.3733277591973232,22786
6,660,-0.520039922256651,17049
7,676,-0.08096059216890081,13386
8,690,0.4813326636530961,18182
9,706,-0.03977808018423484,11052
10,720,-0.21400247571491132,10978
11,737,0.5477251150222742,14061
12,751,0.16352803933006105,16267
13,765,-0.2506056302731696,13386
14,780,-0.5248352017466515,16738
15,795,-0.1482229020151974,11621
16,810,0.1225277892396064,15491
17,825,-0.8510165184244001,20698
18,840,0.7983193277310948,17881
19,855,-1.1840231277767135,21806
20,870,-1.5740380878352163,25855
21,885,-1.5992102665350363,27753
22,900,0.5085337640228696,41492
23,915,-0.25162461982802753,40400
24,930,0.15729109776079242,55201
