,time,close,volume
0,570,-0.2691091641927954,53789
1,585,-0.15470521404916396,41411
2,600,0.21948866377231668,32139
3,615,-0.05067689857381607,26113
4,630,-0.24190231984324728,17796
5,645,0.3038707343542725,21665
6,660,0.34847392453738174,22175
7,675,0.3938524263468586,18351
8,691,0.2673176321726626,13764
9,705,-0.2525071204614554,23949
10,720,-0.1222142343637649,20083
11,735,0.320084081788643,17584
12,750,0.0,14421
13,765,0.07876458935008257,38421
14,780,-0.212877918101809,8742
15,795,-0.2277467456188691,6899
16,810,0.007191485281433876,22855
17,825,0.2295991581364153,12723
18,840,0.08244417095813758,11394
19,855,-0.003584657665189714,9886
20,870,0.2431639926574102,16827
21,885,-0.15280662798749928,17504
22,900,-0.2681286059706506,16325
23,915,0.3423636211812147,23159
24,930,0.40513247000119773,26992
