,time,close,volume
0,570,1.0447685862817306,106286
1,585,-0.43849643880060285,41717
2,600,-0.2502890393728689,56210
3,615,0.3027309114860397,37971
4,630,0.435095153418326,41170
5,645,-0.06057164489871973,24998
6,660,-0.0959971706097072,21788
7,675,-0.051814781114154516,37403
8,690,-0.27118128595686275,36080
9,705,0.23514538558786516,19660
10,720,-0.07084661707402781,23045
11,735,-0.28419182948490346,17733
12,750,-0.16775111834079529,20258
13,765,0.2535239833688267,29799
14,780,-0.17905444016914523,20759
15,795,0.02412208313230847,21123
16,810,-0.2430798600063593,23555
17,825,0.2867983908833633,28661
18,840,-0.18689449996186175,24675
19,855,0.23085899842712085,41492
20,870,0.1481894291540485,19614
21,885,0.5667292167802225,38919
22,900,-0.19558853220269967,38739
23,915,0.0075705958058830385,38841
24,930,-0.3697981307464298,41476
