,time,close,volume
0,570,-0.38863976083705665,428982
1,585,-0.05982650314090077,391746
2,600,0.20895522388059787,259096
3,615,-0.23937761819269385,210386
4,630,0.13446884805020679,208059
5,645,-0.08972633467923175,185734
6,660,0.1344086021505215,141182
7,675,0.20864381520119313,136903
8,690,0.05957700327674449,147710
9,705,-0.2388772767990394,95756
10,720,0.029850746268650776,105075
11,735,-0.4196642685851336,109293
12,750,-0.2855854501728509,150477
13,765,0.4041916167664611,162069
14,780,0.08973975471134052,166863
15,795,-0.20772945411816407,270070
16,810,0.28187117022865626,194674
17,825,0.08959235478572834,154738
18,840,-0.07471607890017508,89313
19,855,0.08928064879261455,81962
20,870,0.3128441732400661,115137
21,885,-0.029775197260675925,114184
22,900,0.16349583828775183,154830
23,915,0.14841199168892003,171444
24,930,0.1777777777777845,390795
