,time,close,volume
0,570,-0.7102272727272756,171545
1,585,0.1013581998783644,123980
2,600,-0.17260635597522767,89383
3,615,0.10143016533117814,95946
4,630,-0.11169780666125044,77210
5,645,0.17232640648758407,79169
6,660,0.040530955517268256,51117
7,675,0.1113360323886634,41709
8,690,0.09101021336839257,45797
9,705,0.13128660876590129,52632
10,720,-0.050520359704958225,66830
11,735,-0.030321406913281924,61048
12,750,-0.07080004045715907,40789
13,765,-0.27383367139960474,44629
14,780,-0.06088897909477173,50840
15,795,0.08111944838774923,54612
16,810,0.1720821945541064,54738
17,825,-0.131765659841891,107883
18,840,0.07090043553125432,91853
19,855,0.05061753391374485,99229
20,870,-0.020251113811255588,105231
21,885,-0.08107012565869304,95953
22,900,-0.055766793409385874,116140
23,915,0.26293168832482694,129573
24,930,-0.015171437240821855,161152
