,time,close,volume
0,570,0.0,259488
1,585,0.029940119760473085,443034
2,600,-0.13491230700045484,169133
3,615,0.10482180293502155,115096
4,630,-0.2702702702702805,165403
5,645,0.3590664272890621,204477
6,660,0.08968609865471192,592067
7,675,0.1194386383995197,333911
8,690,-0.23944926668663696,85430
9,705,0.014963339817454908,216239
10,720,0.07476076555023499,345075
11,735,0.1642036124794737,170808
12,750,0.0596747724899392,208666
13,765,-0.029846291598262974,111150
14,780,-0.05972823652382597,137895
15,795,0.0,78985
16,810,0.0,130969
17,825,-0.11959934220361532,113101
18,840,0.23862788963459597,205631
19,855,0.0,218969
20,870,0.04472271914132549,101271
21,885,0.026826432978629293,86904
22,900,-0.11668193578613392,127258
23,915,0.00029841838256106903,147177
24,930,-0.14943215780035016,288532
