,time,close,volume
0,570,0.19837333862327777,150601
1,585,0.4541864139020616,77363
2,600,-0.03951007506914881,76694
3,615,-0.31708283789139236,68581
4,630,-0.09918666931165297,79326
5,645,-0.019841269841265895,46650
6,660,-0.32845625559868447,54877
7,675,0.37679722359940054,70046
8,690,0.05945892379348159,94697
9,705,0.009908838684111292,44773
10,720,0.21752026893414955,36410
11,735,0.3153952296471449,43348
12,750,0.18691588785047902,69041
13,765,-0.02952174768746422,73414
14,780,-0.06893156080749129,49252
15,795,0.2455795677799607,43730
16,810,0.1471309465424283,41469
17,825,0.08820070560564817,55076
18,840,0.07833920877398971,46925
19,855,0.16619415387623587,48635
20,870,0.195140989364805,105847
21,885,0.18504090377874166,108715
22,900,0.0,80051
23,915,0.1458718272877482,85845
24,930,-0.12658227848100823,214753
