,time,close,volume
0,570,0.2027031593075144,1230767
1,585,-0.0029088558500370244,754249
2,600,0.28712059064807754,418784
3,615,0.08781687254844897,444204
4,630,0.0058541154431512145,497676
5,645,-0.11428571428571029,403831
6,660,-0.18495684340320456,479245
7,675,0.07515925136456533,339295
8,690,0.1738952177350995,304149
9,705,0.07286688770597093,327191
10,720,-0.08012994171249273,459969
11,735,0.042331449983889616,232642
12,750,0.10235713867930711,220536
13,765,-0.2756598240469202,215085
14,780,0.03224766204450577,316165
15,795,-0.029324653235982153,262767
16,810,-0.19097426254553332,259507
17,825,0.03964815929749068,225630
18,840,0.1422370813537491,223121
19,855,0.048366530360979536,208170
20,870,0.010258514567098016,195894
21,885,-0.03811757806773067,292156
22,900,0.18438304846639997,359501
23,915,-0.0162166307695699,312784
24,930,0.1010030119601253,381228
