,time,close,volume
0,570,0.3476555535746169,1507133
1,585,-0.4836975994267301,1162307
2,600,0.05371530886302799,682555
3,615,-0.4120158813394261,878603
4,630,0.12718838844828806,497555
5,645,-0.31823230958599846,532322
6,660,0.20672299119180232,480780
7,675,0.31359197204551903,734566
8,690,-0.17951709900366988,669128
9,705,-0.0853433948704203,473040
10,720,0.32682664756447805,382028
11,735,-0.12252338403610705,532157
12,750,-0.34785737847481574,700256
13,765,-0.10506724303554957,1463145
