,time,close,volume
0,570,-0.1667307938950953,8551
1,585,0.2709302325581443,4206
2,600,-0.10709130697955475,5667
3,616,-0.06989097008666745,5848
4,630,-0.1563338544461852,14926
5,645,-0.25732799962569675,3768
6,660,0.0537760112228107,5727
7,675,0.08876845449448595,5281
8,690,-0.0046722422090318665,3807
9,706,0.029192989011758937,2492
10,721,-0.04322429906542109,4909
11,735,0.14465027296906457,44998
12,753,-0.06069661032775957,1263
13,767,-0.13970372337540649,2855
14,782,0.17912398198491564,2814
15,795,-0.1472306613694778,2646
16,812,-0.1169864295741694,1509
17,825,0.13902031565789957,5113
18,840,0.18074958602513638,5478
19,855,0.16066688399385223,2868
20,871,-0.003492880345559119,4585
21,885,0.11280906194031905,3545
22,903,-0.016284371655886375,8490
23,918,-0.11645239426122601,9665
24,930,-0.2990095309288053,11765
