,time,close,volume
0,570,-1.387103172126437,2530812
1,585,-0.6700642278693111,1523394
2,600,0.5277777777777715,1980457
3,615,0.6279759850941941,1595426
4,630,0.06206896551724374,988063
5,645,0.5759736697750983,1088058
6,660,-0.4133858809856317,897860
7,675,-0.04105248656839027,983830
8,690,-0.1310435202427738,478703
9,705,-0.24198008849559094,607867
10,720,-0.3190456373976831,393930
11,735,-0.15282022784106616,396846
12,750,-0.08342602892102652,421710
13,765,0.24965325936198698,345235
14,780,0.8934707903780146,488758
15,795,0.8247563219957793,662109
16,810,0.06130790190735926,820779
17,825,-0.42647044739035095,779388
18,840,0.38136465303039674,1262848
19,855,0.6188960379275374,1052476
20,870,0.7995162590701408,1118611
21,885,0.12078915581801558,983987
22,900,-0.9784788854556411,1126978
23,915,0.28648648648649094,704468
24,930,-0.28459140804986277,845284
