,time,close,volume
0,570,-1.0399397136398072,1489605
1,585,0.8517632994620553,938535
2,600,0.26825633383009334,1015534
3,615,-0.479185384845752,841433
4,630,1.0813212857354524,929818
5,645,0.088796803315063,616703
6,660,-0.192763938315533,685746
7,675,0.13327410039982734,558329
8,690,-1.0172026925953732,708967
9,705,0.007478872186088794,884031
10,720,2.0583064752417246,696107
11,735,0.32126168224298896,1307726
12,750,0.10211524434718189,801044
13,765,0.01458576429405647,1202517
14,780,-0.6163780452010591,545279
15,795,-1.0379596678529106,432501
16,810,-0.28252788104088883,427626
17,825,-1.2724945410737125,399594
18,840,0.08275654529038913,3137207
19,855,-0.48382219534320103,730829
20,870,-0.25769289070790014,544419
21,885,0.27210884353742526,552429
22,900,0.7948410317936428,526983
23,915,0.22445009726169604,1036878
24,930,1.3288055514543122,1008828
