,time,close,volume
0,570,0.2462813947817722,1951367
1,585,0.4856571707836929,1184783
2,600,-1.9299596882106418,656283
3,615,-0.6920203227734708,632056
4,630,-0.3699630036996204,452907
5,645,-1.150471566916992,516152
6,660,-0.1240506329113947,529750
7,675,-0.4372963602032395,388360
8,690,0.821660651276155,220235
9,705,-0.1714243275018118,311264
10,720,-1.1145440928703336,232373
11,735,0.0851389633259296,220420
12,750,-0.38171850181892947,221430
13,765,1.058913467992313,184655
14,780,0.6703257968679165,342225
15,795,0.13075182298214277,304609
16,810,-0.025150905432586995,230931
17,825,-0.49031997169286695,174415
18,840,-0.14680571023591193,172907
19,855,0.21090385562558536,104644
20,870,-0.23672084662514614,111122
21,885,-0.020258293238804997,107239
22,900,0.07970345255114249,108657
23,915,-0.17484307719760137,139770
24,930,-0.10789139812229412,185627
