,time,close,volume
0,570,-0.5069090719118193,127499
1,585,0.6204246923835842,111933
2,600,-0.7053715631370664,119772
3,615,-0.09205327472066588,91790
4,630,-0.8811293660514483,76759
5,645,-0.39007843968623596,178049
6,660,0.29592052420207265,69849
7,675,0.02641449627554702,76115
8,690,-0.11635902046860892,73615
9,705,0.09827957898296859,79018
10,720,0.2708541919165358,85395
11,735,-0.16362292832260225,89570
12,750,0.24745959037540088,38243
13,765,0.5133308889005237,45806
14,780,0.17255804225058172,94364
15,795,0.2201792739301463,81232
16,810,-0.0844907733777821,47073
17,825,-0.3065238456904982,31628
18,840,-0.3759200841219787,66788
19,855,-0.04734101309766713,46513
20,870,0.23876367643585342,68567
21,885,-0.09717407290681913,52586
22,900,0.19397116644823303,63197
23,915,-0.2206693637366613,66419
24,930,-0.5281783129984683,124109
