,time,close,volume
0,570,-0.20557764613594928,17297
1,588,0.3181707876075193,10096
2,600,-0.05125714902341581,16083
3,615,0.2234125595542473,19330
4,631,-0.0444330743647992,19527
5,645,0.1331217728054937,20878
6,660,-0.523107284302727,18575
7,675,-0.2506910943682461,13254
8,690,-0.02982080407732091,17880
9,705,0.27306153347031226,9344
10,722,-0.09742368478025916,7494
11,736,-0.3285275990334174,4765
12,750,0.3463297167131072,9947
13,765,0.07840380663999688,9453
14,781,0.11881615899762307,20222
15,795,0.34981970830418474,14566
16,811,0.048413125336204094,11077
17,825,-0.4810550781038943,7622
18,840,-0.12447234549193083,10915
19,856,-0.016238159675237424,5635
20,870,-0.2985884907709074,9946
21,887,0.03391900142459806,5854
22,900,-0.13586033557502888,16798
23,915,-0.1605726182862207,12071
24,930,0.6583394165517621,14941
