,time,close,volume
0,570,-0.07792713812585067,1074158
1,585,0.05841121495327325,879788
2,600,0.23310023310022815,562421
3,615,0.21321961620470348,423979
4,630,0.09682416731215561,435720
5,645,-0.11632415664986868,289006
6,660,-0.09703085581214274,527454
7,675,0.15500871924045398,580595
8,690,0.015692169994631508,426628
9,705,0.042408985282730925,146809
10,720,-0.038744672607522526,158533
11,735,-0.1746555404618597,278224
12,750,0.06787549694559603,265235
13,765,-0.19430681045369533,135642
14,780,-0.09724788485851263,285851
15,795,-0.03891429127346244,345065
16,810,-0.1071289442929484,155041
17,825,0.038940809968839606,204945
18,840,-0.038955979742882785,270010
19,855,0.019474196689382686,185068
20,870,-0.019477989871441392,209821
21,885,0.029208450978470378,479042
22,900,-0.15602145294977726,393713
23,915,0.06821282401092126,262690
24,930,-0.03899395593683589,346237
