,time,close,volume
0,570,3.2101560110125376,1497875
1,585,0.18320610687023595,1373573
2,600,-0.24487297214569417,1189957
3,615,0.36596523330282843,733224
4,630,1.6496700659868153,763252
5,645,0.11983223487117779,744776
6,660,0.05988023952094617,555242
7,675,0.0,754127
8,690,0.3877124962720028,447086
9,705,-0.3802053707750874,519804
10,720,0.08076577924020646,348922
11,735,-0.5716004813477669,272839
12,750,0.44923629829289785,223795
13,765,0.5361930294906158,159183
14,780,0.2080856123662315,296192
15,795,-0.5079175380938205,505446
16,810,-0.39233094975284555,185813
17,825,-0.11771771771772077,247554
18,840,0.5079175380938205,206339
19,855,-0.07175745978592629,258922
20,870,-0.07779772591261594,209508
21,885,-2.2018348623853172,218076
22,900,0.8790542588663205,680162
23,915,0.5726341169379076,622371
24,930,0.15046644598253736,590321
