,time,close,volume
0,570,0.2437835202340322,41645
1,585,0.3804743786934385,65033
2,600,0.3983100045152595,24065
3,615,-0.42429149797570925,18606
4,630,0.3614418949882223,30868
5,645,0.07416962270235994,14247
6,660,-0.08068420203324189,15731
7,675,0.1675419660405264,11382
8,690,0.28273092369477765,15521
9,705,0.2835311644000163,13543
10,720,-0.038459689438009245,19782
11,735,-0.05611852231914167,41486
12,750,0.21758607449123474,9045
13,765,-0.0624349635796024,15905
14,780,0.020807324178109966,21785
15,795,0.01600307258994091,29930
16,810,0.08634197819065006,24908
17,825,0.41082802547771347,28869
18,840,-0.17866258295048568,56806
19,855,-0.10859150431171351,40983
20,870,-0.11511159429558535,28656
21,885,0.06391001469929974,26945
22,900,0.06386919588682016,27211
23,915,0.0063865116873287305,32813
24,930,-0.003193357815758502,44829
