,time,close,volume
0,570,-0.6482027106658776,1765478
1,585,-1.3134328358208887,1080015
2,600,0.5934718100890292,1396680
3,615,0.13631245184614285,1009612
4,630,-0.1364985163204729,895904
5,645,0.47253396337860776,645126
6,660,-0.5344418052256524,509450
7,675,0.4174896218939534,327635
8,690,-0.4789067142008345,509953
9,705,0.015446217458984626,281824
10,720,1.8037778996371476,519210
11,735,-0.2444444444444357,606199
12,750,-0.234466588511153,340576
13,765,-0.3529411764705807,448589
14,780,-0.4751885387361458,342541
15,795,-0.5921521997621807,265134
16,810,-0.3579952267303026,252846
17,825,0.4159239453356907,357739
18,840,-0.4176610978520091,301714
19,855,0.05963029218841986,281409
20,870,-0.47932893948471117,243474
21,885,-0.11997600479903762,723996
22,900,-0.48221820373720226,397036
23,915,0.6586826347305355,774543
24,930,-0.4209260372820222,639122
