,time,close,volume
0,570,0.5311009980355181,130231
1,585,-0.3735558153821745,119752
2,600,-0.1478570648884135,44333
3,615,0.7157670727441994,57306
4,630,-0.29025030692426074,103983
5,645,0.05505547518059722,48519
6,660,0.08337773567777981,31201
7,675,0.02762049440684719,37516
8,691,0.056565337894711396,22358
9,705,0.600358639392879,46130
10,721,0.034771917965891005,85223
11,735,0.2927839381515355,37186
12,750,-0.14648413618378836,38432
13,765,-0.12021732157765903,49247
14,780,-0.06149308141585402,18040
15,795,0.16143392460546305,14835
16,810,0.0014675595951478917,16476
17,825,0.11269882811591149,25160
18,840,-0.048955886414906565,25248
19,855,-0.26788559103944243,22579
20,870,0.05927711315560176,47045
21,885,0.2077721448440731,17360
22,900,-0.4064342268668718,44829
23,915,-0.05402405543849896,51379
24,930,-0.2604833467924697,51634
