,time,close,volume
0,570,-0.45948843620769164,60098
1,585,0.035725222006733275,43214
2,600,0.40662803700315714,43121
3,615,0.545950864422194,38637
4,630,0.3375484911078724,68205
5,645,0.02065168663835714,115750
6,660,-0.2808435408511234,82256
7,675,-0.3014489816597421,57511
8,690,0.1340787776063218,46614
9,705,0.15660124775833004,38479
10,720,-0.2354549597447989,23589
11,735,0.10116849613029928,22706
12,750,-0.2383125443666965,33629
13,765,0.017743529948542034,35740
14,780,0.04307286915982971,26843
15,795,-0.06845668213280134,23419
16,811,-0.08119972595093762,25389
17,825,0.08366715683789891,25801
18,840,-0.20069608515611626,20302
19,855,0.08883699680187387,39076
20,870,-0.09400167678666815,31714
21,885,0.02793863659453765,41804
22,900,-0.03557091315616728,41018
23,915,0.162345898229426,47979
24,930,0.13173227947509292,61226
