,time,close,volume
0,570,0.09320284934426122,306153
1,585,0.24571656262452152,225091
2,600,-0.1996273622571276,181532
3,615,0.328303763886589,174088
4,630,0.25469700979094395,100202
5,645,-0.01362980136218731,129122
6,660,0.38924405193435374,108442
7,675,-0.2842035690680623,106885
8,690,-0.2683985552867895,155773
9,705,0.27558951041556623,81496
10,720,-0.060838513424158816,226969
11,735,0.07262279298407671,106090
12,750,0.4015400816111548,247746
13,765,-0.1383377457735839,118384
14,780,-0.02313853455947784,107035
15,795,0.12180668949170548,314962
16,810,0.11837432592398185,88973
17,825,-0.06580679126085438,56019
18,840,-0.38314176245211556,75090
19,855,0.27996442804914945,74231
20,870,0.016465784100642613,223959
21,885,-0.02964719833976738,90168
22,900,-0.029655990510074795,108882
23,915,-0.5433342168036189,562395
24,930,0.14556040756914046,196323
