,time,close,volume
0,570,0.08375031482228736,603931
1,585,0.5053966337082063,619905
2,600,-0.16632645346639363,348990
3,615,-0.11353315168029494,478647
4,630,0.4370761115297544,329802
5,645,-0.48462819930333667,346113
6,660,0.3471174162390642,357717
7,675,-0.6531976302597704,262734
8,690,0.07968732212650535,182943
9,705,0.3139658042064007,227926
10,720,-0.022701475595914594,256032
11,735,-0.5707762557077625,124521
12,750,-0.4126547455295675,138750
13,765,0.12242368364009074,255517
14,780,0.21294744859102532,216507
15,795,-0.0228536603946074,95066
16,810,-0.1296720061022242,87337
17,825,-0.23318934210023842,87829
18,840,-0.14931087289432862,150541
19,855,-0.05362751857809942,157435
20,870,0.0382907030173161,166902
21,885,0.13712217792538167,194254
22,900,0.1456281023291276,159855
23,915,-0.4757154914447756,145053
24,930,0.28309104820197106,238860
