,time,close,volume
0,570,-0.43263288009888934,1151442
1,585,0.32854209445585975,576002
2,600,-0.2986304191123533,1039470
3,615,-0.11340206185566952,510244
4,630,-0.2169645624547926,583026
5,645,-0.30051813471503236,370951
6,660,0.010361620557460486,455928
7,675,-0.21806853582555347,367276
8,690,0.09337068160597926,338556
9,705,-0.05189952252438983,362005
10,720,-0.07271216370625054,231447
11,735,0.12449424214130568,293274
12,750,-0.07267441860465884,243260
13,765,-0.07688631215842535,319235
14,780,0.06645208181913317,351915
15,795,0.24857586742619875,361205
16,810,0.07244876837094534,338032
17,825,-0.17625712804562127,328906
18,840,-0.09339975093400105,323314
19,855,0.16576875259013324,372202
20,870,-0.1556500985783869,320490
21,885,-0.05191029900333407,293752
22,900,0.031136481577582916,390478
23,915,-0.23928422804826233,331641
24,930,0.020802995631366776,543317
