,time,close,volume
0,570,0.09213759213759562,372964
1,585,-0.27717893440099606,289336
2,600,-0.06163328197225275,244074
3,615,-0.5577936163619451,287826
4,630,-0.023246803564510757,278248
5,645,-0.054271980151978295,479328
6,660,-0.2487175501321259,222414
7,675,-0.04665629860031281,493895
8,690,-0.28072364316904647,373000
9,705,-0.1875000000000071,89897
10,720,0.0,2497152
11,735,0.031240237425798224,757072
12,750,-0.2191609267376228,268039
13,765,-0.23536795857524823,91196
14,780,0.0,172022
15,795,-0.22016040257901154,143117
16,810,0.3291536050156642,196987
17,825,-0.11203760948772924,329558
18,840,-0.18644867159251802,180378
19,855,-0.1890061426996337,177826
20,870,0.0,196920
21,885,0.18864958339883264,205815
22,900,0.023575638506877123,404103
23,915,-0.16530226700251396,262289
24,930,-0.2208898706216481,461502
