,time,close,volume
0,570,0.2645502645502817,802220
1,585,-0.15898251192369442,293223
2,600,-0.25806451612903486,390500
3,615,-0.4498322659347388,645123
4,630,0.29646522234892797,600657
5,645,-0.06846188954815412,412576
6,660,-0.07612667478684099,338729
7,675,-0.3284197662873343,457370
8,690,0.08394383394382267,467566
9,705,-0.12989990066477228,231862
10,720,0.2895238095238061,126620
11,735,-0.22144166157604767,94551
12,750,0.2133495885400801,153896
13,765,-0.35173573940970176,118005
14,780,-0.26834317258299034,125074
15,795,0.35144014057604067,114454
16,810,-0.30653689937924533,150514
17,825,-0.046001686728515116,119246
18,840,0.13016845329248658,180785
19,855,-0.19179133103183738,149535
20,870,0.2372570029083134,167845
21,885,-0.168659920269855,166386
22,900,-0.06904487917146407,215069
23,915,-0.13828070984098242,215996
24,930,-0.03842606824468409,423453
