,time,close,volume
0,570,0.07273902852986618,503477
1,585,0.21774193548386775,344449
2,600,0.43359563192549083,269738
3,615,-0.193081255028165,224394
4,630,0.07235308304526361,365152
5,645,0.1525124418044612,654362
6,660,-0.032118194957437,464995
7,675,-0.5003227888960656,280632
8,690,0.14504431909749607,327240
9,705,0.0,196205
10,720,-0.055469914021630026,165301
11,735,0.22427801464082048,131252
12,750,0.024127392633103695,114999
13,765,0.11246786632390791,122708
14,780,-0.08039877793858219,81614
15,795,0.2406159769008753,88044
16,810,0.09615384615383842,147277
17,825,-0.23291301903460931,175992
18,840,-0.0884244372990349,128135
19,855,-0.008039231449477543,96509
20,870,-0.18524484536082794,97801
21,885,-0.09674298613349752,102927
22,900,0.16901408450703723,111018
23,915,-0.12893867354339317,154437
24,930,-0.05644250927270392,141164
