,time,close,volume
0,570,0.20053164202770454,138611
1,585,-0.28528668973903926,88293
2,600,0.14710346276881303,343745
3,615,-0.14497837016251713,182906
4,630,0.546511627906982,134659
5,645,-0.17238969389181596,243022
6,660,0.023290478852250496,147836
7,675,-0.1165881639695938,242034
8,690,0.07688902350939772,77637
9,705,0.23709351247064966,78414
10,720,-0.01966868266788389,179666
11,735,-0.015207180393436034,40505
12,750,-0.004650730164631618,56760
13,765,0.3198739047795641,34061
14,780,-0.3209003813598724,47425
15,795,-0.27514806696824295,51816
16,810,-0.20093457943925552,25848
17,825,0.064444423689399,34687
18,840,0.22690739662201273,41609
19,855,0.23010412792860013,53479
20,870,-0.00929800092980485,25460
21,885,-0.1769746646795806,72444
22,900,0.013969732246799132,60074
23,915,0.09072088208611188,60176
24,930,0.020931206102616826,86216
