,time,close,volume
0,570,0.25773195876289634,302732
1,585,-0.0859845227858967,1306335
2,600,-0.3451251078516042,754856
3,615,-0.17286084701814672,380668
4,630,0.08635578583764929,215837
5,645,0.34423407917383086,155774
6,660,-0.2588438308886916,491704
7,675,0.0862068965517223,223178
8,690,0.2579535683577054,214026
9,705,-0.2586206896551822,296433
10,720,0.0,228566
11,735,-0.08628127696289721,237871
12,750,-0.17286084701814672,61558
13,765,-0.08650519031141683,299480
14,780,0.08643042350907336,1535583
15,795,-0.08650519031141683,163904
16,810,-0.5217391304347869,171600
17,825,0.0,416798
18,840,0.0,465407
19,855,0.1736111111111074,461709
20,870,-0.26109660574411975,209633
21,885,0.173761946133793,522102
22,900,0.0,333241
23,915,0.3463203463203543,280155
24,930,0.25906735751294785,686029
