,time,close,volume
0,570,-0.2365930599369175,730665
1,585,-0.5551149881046811,514348
2,600,-0.15885623510722457,561235
3,615,0.0,462710
4,630,0.3955696202531701,565022
5,645,-0.07917656373713211,484157
6,660,-0.31771247021446325,361609
7,675,-0.2388535031847083,202938
8,690,-0.07968127490039671,491204
9,705,-0.3197442046362984,284097
10,720,0.07987220447284175,590534
11,735,0.07980845969672616,300861
12,750,0.0,222312
13,765,0.15936254980080755,208083
14,780,0.31771247021444915,201296
15,795,0.15860428231561913,363849
16,810,0.1583531274742783,442869
17,825,0.07911392405063122,237877
18,840,0.0790513833992078,269223
19,855,0.2365930599369035,347665
20,870,-0.15797788309636315,331807
21,885,0.23640661938533775,127803
22,900,-0.15785319652722632,257561
23,915,0.07886435331230116,416283
24,930,-0.6349206349206356,636788
