,time,close,volume
0,570,-0.38948525061280204,15764
1,585,-0.062022497251283386,5372
2,600,0.0028191249436309617,7221
3,620,0.40990510416081183,2787
4,634,-0.022465599550683536,3822
5,645,-0.12934428073333606,7443
6,660,0.01405718462706609,4378
7,675,0.14878445904217324,6739
8,690,0.0813441418192936,4560
9,705,0.2880796554231777,6955
10,720,-0.09798706570733301,8609
11,735,0.06994180841539839,7538
12,751,-0.16814258491201176,2651
13,766,-0.033639829558182247,5929
14,780,-0.07855459544384175,3817
15,795,0.00841585547171699,6613
16,810,-0.07860973076168043,6361
17,825,0.005614665506297356,4934
18,840,0.050506467633773915,7338
19,856,-0.05895895333819404,6638
20,870,0.08976157082748756,3943
21,886,-0.02805836139170111,10757
22,900,-0.047721977374156885,9447
23,915,0.12056300117759401,8237
24,930,-0.7030522065674701,21029
