,time,close,volume
0,570,1.4418212478920758,525846
1,585,0.09359790340697166,305238
2,600,0.12152940076656582,333792
3,615,0.7238979118329477,201227
4,630,-0.20925366193907863,219672
5,645,0.1717574969826275,207173
6,660,0.3607770582793715,185237
7,675,-0.324825986078881,229719
8,690,0.8830834329868401,127039
9,705,-0.1289490651192784,193206
10,720,-0.30487804878048624,176356
11,735,-0.18511662347277733,171647
12,750,0.10171058714747983,115719
13,765,-0.1574365623263583,86922
14,780,0.19410296700248983,81809
15,795,-0.7449483192103521,83236
16,810,0.17661275329986775,170394
17,825,0.13923698134224977,113693
18,840,0.009281603861138764,140064
19,855,-0.27455907673693675,99808
20,870,-0.3830522726211021,102060
21,885,-0.05141147878107367,148780
22,900,0.0,174672
23,915,-0.10761240817855153,162940
24,930,-0.32388283890349123,205756
