,time,close,volume
0,570,-1.3205828779599231,1149052
1,585,-1.8730066685996047,336935
2,600,1.4458795290890396,319284
3,615,0.05414828404774453,440505
4,630,-0.3035320404480351,464827
5,645,0.5158164719293252,469960
6,660,-0.17128175849271077,190965
7,675,-0.03712482508495743,173446
8,690,-1.1233099668996485,108110
9,705,0.193053754143251,212279
10,720,-0.5885422706714522,145571
11,735,0.0,87427
12,750,-0.08304466944333608,284633
13,765,0.23338351088466588,69878
14,780,0.4266113224951049,78650
15,795,0.10078613182825061,86391
16,810,-0.5850832729905813,79232
17,825,-0.3867178413584508,64850
18,840,0.15676711374323976,90601
19,855,0.4047880645347927,102208
20,870,0.49485010645030514,106765
21,885,0.4696180058416021,92584
22,900,0.4730962152302691,91243
23,915,0.17070672584500474,129996
24,930,0.8295242932114434,136449
