,time,close,volume
0,570,-0.1875616979269474,78829
1,585,0.2609166543592779,51070
2,600,0.19653122389819963,42641
3,615,0.12758231512831392,45320
4,630,-0.5005548021205702,95781
5,645,0.3513686176224893,52636
6,660,0.20107896027464275,82011
7,675,-0.13751104999508945,46152
8,690,-0.012279279943026933,67709
9,705,0.19363694298740636,31034
10,720,0.06858374565227372,33004
11,735,0.1505103999898312,36452
12,750,0.14765067890983807,36563
13,765,0.024415254651097687,44853
14,780,0.15114578254510105,49964
15,795,0.23105922412744465,48923
16,810,-0.1485847907633743,80023
17,825,0.04869260359351138,48558
18,840,0.02677376171352407,68914
19,855,-0.004868193656753074,54037
20,870,-0.09989766580575218,59128
21,885,0.05844250718356038,61335
22,900,0.03894649724939588,46365
23,915,-0.18045259461568697,70138
24,930,-0.27386541471048625,138869
