,time,close,volume
0,570,0.5217154925454288,140844
1,585,-0.030329334741738115,87069
2,600,2.027747038813074,108538
3,615,-0.4105064971141094,96024
4,630,0.40882823066519214,70302
5,645,0.30033711308611105,41132
6,660,-0.04496862416449736,46928
7,675,0.38077784565261746,38348
8,690,0.009162263689940664,37784
9,705,0.9488756680447799,25003
10,720,0.21733443342120298,48025
11,735,0.5901416339921558,42137
12,750,-0.07006586191020014,146025
13,765,-0.6325671347126224,109153
14,780,-0.43297926150733157,22554
15,795,-0.4318008636017272,21677
16,810,0.0101589881647811,44952
17,825,-0.6235624840276026,31647
18,840,0.5914213419777099,68809
19,855,-1.241769547325108,41396
20,870,-1.0374004698447037,58184
21,885,-0.9878124311103145,48437
22,900,0.7883938428211312,69287
23,915,-0.6361949879992806,64510
24,930,-0.17113220225096543,82827
