,time,close,volume
0,570,-0.2284278453543357,412070
1,585,-0.24823044212040815,195192
2,600,0.07070938215103567,93322
3,615,0.41588332478777973,141395
4,630,-0.3917755726500628,138554
5,645,0.14563106796116246,120358
6,660,0.05137279525087243,106384
7,675,-0.09141290064560166,86485
8,690,-0.005713632727683067,74115
9,705,-0.8353978222043078,121011
10,720,-0.5853036624941996,114259
11,735,0.27739251040221324,108321
12,750,0.138504155124659,121273
13,765,-0.4644043622701823,74719
14,780,0.0585235832657313,69716
15,795,-0.0347785763969408,67480
16,810,-0.15674891146589853,202933
17,825,-0.18903591682418996,73101
18,840,0.061035865837348005,109094
19,855,0.14511260738332946,239510
20,870,0.4852125693160833,119196
21,885,0.2707529235555037,112874
22,900,-0.3062521668785399,79439
23,915,-0.13307874790255728,496341
24,930,0.7522682898816895,282791
