,time,close,volume
0,570,-0.5397301349325314,54534
1,585,0.9052731666732683,33920
2,600,0.3995304284347353,34960
3,615,-0.9209111544741349,44878
4,630,-0.34566125197307,33223
5,645,0.6247561485317293,47882
6,660,-0.5202283296409477,22498
7,675,-0.4954268292682868,28805
8,690,-0.12049160575147055,13260
9,705,0.09830474470859847,49965
10,720,0.11422387880245144,16939
11,735,-0.3095601833239454,17111
12,750,0.03817790905620144,18607
13,765,-0.06987417621362899,34623
14,780,0.2822168307501107,10817
15,795,-0.23111861409221313,16363
16,810,0.009042954031653538,17032
17,825,-0.02512562814070352,12154
18,840,-0.044240669240674727,13836
19,855,-0.4565472102137269,21084
20,870,0.0,19017
21,885,0.2538889336664768,38564
22,900,-0.05947760516950292,27740
23,915,-0.23138792336917766,35354
24,930,-0.5731474330311762,58444
