,time,close,volume
0,570,1.2005739506329827,324208
1,585,0.0453868777459061,270314
2,600,1.2567437599772653,207076
3,615,0.28948074001251517,168525
4,630,-0.4542842778137051,177825
5,645,0.28557872214712715,244535
6,660,-0.16409612625537365,163400
7,675,-0.10592269438610291,121974
8,690,0.17741935483871132,98269
9,705,0.09131439007358702,81835
10,720,0.29455869751499164,91309
11,735,0.22087638047737962,66531
12,750,-0.39700990736435987,70337
13,765,0.2746468825795544,74262
14,780,0.007133176403445969,60342
15,795,0.5206716398052242,36572
16,810,-0.06656962294965561,64277
17,825,-0.31251947681924536,66242
18,840,0.24797454885861686,66624
19,855,-0.052268935670457525,40587
20,870,0.5168231404374152,52627
21,885,-0.20374176174615144,84505
22,900,0.1971514706792258,129115
23,915,-0.23039228717511667,78715
24,930,0.8687631763879217,151301
