,time,close,volume
0,570,-0.8251914444151043,161621
1,585,-0.6063745707890722,98046
2,600,0.041824337781310617,73699
3,615,0.311052283256121,91741
4,630,-0.08610982314366793,72556
5,645,0.09925886712546697,52687
6,660,-0.06621639517944267,41649
7,675,0.09261709446942734,100093
8,690,0.18489170628631876,72956
9,705,-0.07599537419462025,67881
10,720,0.15505410398522937,31365
11,736,0.13178703215602836,47968
12,750,-0.07913479293062818,33651
13,765,0.11856145435384458,28651
14,780,0.17752646459333962,41414
15,795,0.1116511230789357,38484
16,810,-0.13152702880441183,42323
17,825,0.03944254535892866,29623
18,840,-0.11517325347988508,88361
19,855,-0.14829949907724382,37349
20,870,0.0,53653
21,885,-0.21136063408189773,51873
22,900,-0.0727080441536213,80902
23,915,-0.09262322196492646,44860
24,930,0.08593336858804565,87505
