,time,close,volume
0,570,-0.8048428148861438,15958
1,585,0.22649279341110784,12175
2,600,0.43733770671041056,12742
3,615,-0.24660912453761727,19944
4,630,0.07529605037991213,20048
5,645,0.6190476190476167,15688
6,660,0.7159259759556952,21496
7,675,0.19211972092082416,23424
8,690,-0.1147292053315252,10226
9,705,-0.08105096079160079,14487
10,720,-0.023645453317117,25048
11,735,-0.04393227670575359,46549
12,750,0.04391298473179146,22773
13,765,-0.060839586290815525,22061
14,780,0.8844221105527593,69904
15,795,0.493366224414967,55527
16,810,-0.08006939347434747,66262
17,825,-0.3616152146253211,17679
18,840,-0.19794008118899312,19999
19,855,0.6234580249383225,13352
20,870,0.5042128308896643,17822
21,885,-0.6914058585791086,22386
22,900,-0.14718180297708572,25778
23,915,-0.21118262268704593,24159
24,930,0.2874523698108208,39366
