,time,close,volume
0,570,1.4198674074670588,17939
1,587,-1.412706189776253,18630
2,600,-0.45664597632003934,23340
3,615,0.17742111584235018,17478
4,630,0.3427452260486347,15449
5,645,-0.12255903260069956,14910
6,660,-0.5890088214344513,17910
7,675,0.7720328385799032,10771
8,690,0.1031935694112523,17242
9,706,0.18432180418519103,9583
10,720,0.008131183087131785,13674
11,735,-0.15473152722731776,10937
12,750,-0.0651925897756313,14389
13,765,-0.2341537791330902,14061
14,780,-0.40459267359211626,8183
15,795,0.019132478749280667,47587
16,810,-0.030074365704290697,13585
17,826,-0.03281916639317486,31694
18,841,0.10654864355380333,16461
19,856,-0.05740528128587271,9213
20,870,0.06556302245533768,14647
21,888,0.15819332315077028,14803
22,900,-0.13655978587425577,13765
23,915,0.23705076155963178,14586
24,930,0.43136190992947143,28723
