,time,close,volume
0,570,0.2979321162954366,14940
1,585,-0.48502814708348246,10197
2,600,0.3401969561325106,8949
3,615,0.05964807634953434,11576
4,630,-0.3952332474998483,10113
5,645,0.358016588101912,14167
6,660,-0.035814480988481036,14767
7,675,-0.053750597228860136,9827
8,690,0.18479880774962879,8088
9,705,-0.17018481473740577,10008
10,721,-0.09862522414823194,5034
11,736,-0.2276539659717373,8733
12,753,0.035932446999642036,4303
13,765,0.5360972122944995,6516
14,780,0.10710460549804048,13098
15,796,0.3261965482474416,8239
16,810,0.094803578835099,13940
17,825,-0.10973692795919107,19174
18,840,-0.37211240771612286,16956
19,855,-0.0506329113924098,11503
20,871,-0.008936018110321908,9497
21,886,0.0119132713843113,11842
22,900,-0.3406849560695674,12457
23,915,0.4047859991666211,9608
24,930,-0.005953089653541688,17398
