,time,close,volume
0,570,1.035664794690406,58099
1,585,0.40676981186894307,23147
2,600,-1.0051357300073192,22435
3,615,-0.1690306459910474,13058
4,630,0.42444200512258506,11365
5,645,0.3936146949486056,12850
6,661,0.6301607996523284,9876
7,675,-0.11602610587381913,18798
8,690,0.45477513895906696,27011
9,705,0.08654886404616267,18327
10,720,-0.05773255394386412,19546
11,735,-0.03609587063238734,19072
12,750,0.10817047667121749,18266
13,765,0.11884611229158386,19258
14,780,0.4767025089605677,18825
15,795,-0.14357501794686908,14187
16,810,-0.19420269006689939,22844
17,825,0.07187522461007283,12423
18,841,0.5717144286429009,34056
19,856,-0.8577194752774958,16753
20,870,0.249771007294689,19735
21,885,-0.07007698395567541,15291
22,900,0.11139458837902988,14802
23,915,-0.5964430306535693,19682
24,930,0.6892590465249914,34395
