,time,close,volume
0,570,-0.00642137032043879,13417
1,585,-0.32856590645534783,12277
2,601,0.39784394250513644,9136
3,617,-0.1542416452442218,7241
4,631,0.02891194705902272,9466
5,645,-0.4939307851239765,9044
6,660,0.04517586318166711,7552
7,675,-0.2977538999287847,8510
8,691,0.16156132868036704,36535
9,705,0.16130072907929544,9278
10,721,0.4432168550873572,7231
11,735,-0.025700334104356508,7849
12,750,0.01927153594141526,3328
13,767,-0.22534123100694972,4539
14,780,0.15428130624839875,8960
15,795,-0.028936115487262274,5820
16,810,0.06747204729470388,5945
17,825,0.2915265096908436,27865
18,841,0.20141952810281846,6298
19,855,0.1723477594791333,17321
20,870,0.11476664116297297,6857
21,885,-0.15325670498084873,8351
22,900,-0.41680025649246916,7327
23,915,0.3323320764363841,8739
24,930,-0.24023831640987858,17967
