,time,close,volume
0,570,0.8318668119221231,69131
1,585,-0.11745951841597894,16251
2,600,-0.36207477265072996,13646
3,615,0.47677735603660354,9265
4,630,-0.28484186346191254,12827
5,645,-0.2274258760107823,9885
6,660,0.3344013655888383,12963
7,675,0.11599631047878906,7294
8,690,-0.09512352068935875,10059
9,705,0.31653953955349545,9505
10,720,-0.039059775406287606,11970
11,735,0.06830791535394778,12644
12,750,0.12947777298229773,12140
13,765,0.012528537223680582,8875
14,780,-0.33381286925429643,11206
15,795,-0.170436786588019,10199
16,810,0.09479613658917674,8507
17,825,0.048897705999053166,10327
18,841,0.03631082062454485,9530
19,855,0.1937471251550655,12051
20,870,-0.08789062499999938,12518
21,885,-0.03628548301560149,7666
22,900,0.10177478494848777,13882
23,915,-0.13569771240461093,16753
24,930,0.008654866268358341,28288
