,time,close,volume
0,570,-0.58778596304975,20256
1,585,0.272433828276309,13133
2,602,0.14697540095920614,16420
3,615,-0.04772530860216499,11805
4,630,0.08763451253303224,13465
5,647,-0.338794563769672,10850
6,660,-0.20083443468346787,69249
7,675,0.10484215431212662,15598
8,690,-0.06346328195829673,10848
9,705,0.175833268688751,8255
10,720,0.06072900649928464,8652
11,735,0.11744360125962544,10638
12,750,-0.043899289864432776,9610
13,766,0.023235400423394174,11687
14,780,0.02064942439730549,12706
15,797,-0.054234136515078746,5277
16,810,0.04904491481672631,8095
17,825,0.007743334279748486,6234
18,840,-0.016780039497630846,7359
19,855,-0.011618300113605266,10029
20,870,0.07965095468280714,7471
21,885,0.057045249452107184,10669
22,900,0.05153975003220941,14034
23,915,-0.09092140135028481,24660
24,930,-0.15435288039265516,19294
