,time,close,volume
0,570,0.030419864879209346,56190
1,585,-0.3827690035223179,26369
2,600,-0.5440758564553757,23780
3,615,-0.3985720225379536,30625
4,630,-0.37127109985466333,22701
5,645,-0.8724052837857441,30013
6,660,-0.053737673013522225,68169
7,676,-1.3759137790145584,35712
8,690,0.2064385312743482,71639
9,705,-0.15746409230045474,50090
10,720,0.4366300366300393,36119
11,735,-0.24087183855711694,19839
12,750,0.06384899346097439,29742
13,765,-0.06535947712417366,31693
14,780,0.17594018033867487,20379
15,797,0.08057427483153651,17806
16,810,0.2695614695117982,24587
17,825,0.2528491066483867,39711
18,840,-0.10503895194466688,27322
19,855,-0.11830862484481985,21866
20,870,0.445678805900708,16193
21,885,-0.05892537574021715,28073
22,900,-0.3826549241262309,20766
23,915,0.36959969733567566,28485
24,930,-0.05532503457814595,60708
