,time,close,volume
0,570,0.4820346209390755,627174
1,585,0.6450649806814194,356386
2,600,-0.3967204443268876,415247
3,615,0.017628911414716633,675231
4,630,0.09721698761187747,1333506
5,645,-0.44259685122943493,426981
6,660,-0.3283343686218871,338251
7,675,0.5296142642775253,258383
8,690,0.46564751361798185,178982
9,705,0.28961740017135607,190169
10,720,0.052009456264772415,232587
11,735,-0.254564606741566,229229
12,750,-0.07906527277519407,199492
13,765,0.06145741878841737,129627
14,780,0.30634573304157053,151209
15,795,0.4096931659693156,162541
16,810,0.29549800104293705,238825
17,825,0.5617492005876688,268084
18,840,0.30156815440290236,504172
19,855,0.21494282520849456,533171
20,870,0.41952054794520105,482243
21,885,0.46003146417498547,467951
22,900,-0.3161494400273556,877787
23,915,-0.4724274179694186,646120
24,930,-0.09457484309173711,549692
