,time,close,volume
0,570,-0.03619909502263009,109925
1,585,0.2347417840375633,68421
2,600,0.054141851651315714,88935
3,615,0.17115575173408876,65064
4,630,-0.1913391938482674,55908
5,645,-0.14280549530007344,46339
6,660,0.06322825399692276,87828
7,675,0.07220868309415335,69697
8,690,0.09918845807033311,68427
9,705,0.09909017205657097,54910
10,720,0.2067601582164597,111939
11,735,-0.30658250676283966,76879
12,750,-0.036081544290101256,89279
13,765,0.09012256669069423,56024
14,780,0.03603603603604167,43153
15,795,-0.01802126509280593,42696
16,810,-0.09921529719491246,36741
17,825,-0.08124210146236091,30570
18,840,0.18291089626339435,33084
19,855,0.015315315315311627,35165
20,870,0.04502476361998844,39514
21,885,-0.02702215816970018,46563
22,900,-0.018018018018014434,34943
23,915,0.09900099000989958,64658
24,930,-0.08106647450910054,102646
