,time,close,volume
0,570,-0.5675833820947916,6537453
1,585,0.14332850507725664,4545097
2,600,-0.3961400832991101,3767363
3,615,0.40604095463441314,2997567
4,630,-0.23717498243148344,2737010
5,645,0.32687368666822453,1813304
6,660,0.40687153056129766,2423976
7,675,0.1103884791823942,3195548
8,690,-0.19135320870066833,2641059
9,705,-0.2076082203760372,1679653
10,720,-0.20739615586844556,1628133
11,735,0.10504814706740986,1650804
12,750,0.0,1516077
13,765,0.29965379803916725,1096594
14,780,0.03489893849062223,6628253
15,795,0.10748939631631065,2344001
16,810,0.026545737376097518,2023159
17,825,-0.05562013251191077,1404660
18,840,0.07491767766813831,2364194
19,855,0.055721624053169834,1698130
20,870,0.16515037376137023,1826925
21,885,0.20529131126211836,2487825
22,900,0.18154058398920636,3501806
23,915,-0.019918593574076954,3563341
24,930,0.5140723721998747,3401796
