,time,close,volume
0,570,-0.4228329809725176,743270
1,585,0.6451612903225908,494825
2,600,-0.07507507507509215,457992
3,615,0.863352188151254,714643
4,630,-0.6441947565543173,833528
5,645,-0.13501350135014012,305050
6,660,0.029994001199775387,328667
7,675,0.28413339315088637,284773
8,690,0.22381378692926213,460473
9,705,-0.22431583669805813,452285
10,720,-0.05985335926979837,236215
11,735,-0.25502550255025763,188467
12,750,-0.045024763619992705,216536
13,765,0.10494752623689263,159411
14,780,0.1945234176268075,213040
15,795,-0.13485166317051756,281448
16,810,-0.21021021021021108,262419
17,825,0.1798561151079205,215497
18,840,0.34353995519044656,253858
19,855,-0.05978179644299247,267069
20,870,0.05974607916356423,236680
21,885,-0.2846015578190499,238665
22,900,-0.13499325033748824,311539
23,915,-0.22549609140109095,467025
24,930,0.015030813167000025,641679
