,time,close,volume
0,570,0.023350846468196417,45261
1,585,0.05834305717619271,34827
2,600,0.034993584509507916,43459
3,615,0.2965633540733796,31916
4,630,0.01744186046511694,47973
5,645,0.046490004649007724,32849
6,660,0.2608242044861697,30645
7,675,-0.17319692019530192,25447
8,690,0.14974781146734287,31733
9,705,0.00579710144927009,28485
10,720,0.17938776691163838,38477
11,735,-0.08687594115603249,25303
12,750,-0.08695148107356425,38595
13,765,0.32932747862261474,30752
14,780,0.1615136132902637,21311
15,795,-0.10682835282229089,27908
16,810,-0.11851766202232324,25282
17,825,0.05160080966466904,30260
18,840,0.216622942312679,23874
19,855,-0.15314448593230054,32802
20,870,-0.07211996879425686,35797
21,885,0.02022186272245494,29892
22,900,-0.034678071899203716,62568
23,915,0.4430634674031773,37226
24,930,0.24108834165663043,46230
