,time,close,volume
0,570,-0.10826416456152141,1354980
1,585,-0.09030160736861886,1414152
2,600,0.02708314525593675,874116
3,615,0.13523260007212917,358394
4,630,0.19794853338131985,686623
5,645,-0.16222062004326498,619056
6,660,0.03603603603604167,594557
7,675,0.1708786761399386,613362
8,690,-0.008994423457448195,541133
9,705,0.01798561151078779,395229
10,720,0.16160890644639309,518454
11,735,0.1149691233469886,883276
12,750,0.13594841483073114,390036
13,765,0.026860059092131024,456279
14,780,-0.08082451760665865,404887
15,795,0.18799749575172203,391213
16,810,0.026824034334764962,474555
17,825,-0.09845162445180294,410551
18,840,-0.0358134121228456,476322
19,855,0.09838998211091184,549604
20,870,0.08043614264009599,661662
21,885,0.14279339580544095,402414
22,900,0.21373230029389,483909
23,915,0.1955381743844981,604798
24,930,-0.18699910952805696,675705
