,time,close,volume
0,570,-0.8755752236415248,183720
1,585,-0.6559642078119945,169140
2,600,0.5490888831514711,57360
3,615,0.11943701733193929,50537
4,630,0.6432385781325829,97759
5,645,0.5198307028781853,117684
6,660,-0.010062251797779836,78205
7,675,0.45076028234288495,96380
8,690,0.26706982443988536,66045
9,705,-0.1881680968331667,144344
10,720,0.4490441205776454,36192
11,735,0.4141088060965277,18577
12,750,0.1037502065091648,36858
13,765,0.18271526760860554,54244
14,780,-0.15392847941123527,39393
15,795,0.19582503659356923,47649
16,810,0.14681774190362817,26580
17,825,0.036855441113557236,24141
18,840,0.04802062913602456,37017
19,855,-0.05923858669896865,31426
20,870,-0.02370105074657651,24552
21,885,0.41958408727348123,25236
22,900,0.10086058970697796,42731
23,915,-0.29032342818106754,72772
24,930,0.20974804016675266,73192
