,time,close,volume
0,570,-0.038681466532125494,94363
1,585,0.5901727049303618,54613
2,600,-0.8787020171355387,50783
3,615,-0.032898899152209934,31675
4,630,-0.4193138500635363,39621
5,645,0.07110569353445394,53105
6,660,-0.1729839735436245,64672
7,675,-0.10355833220155061,70360
8,690,0.5268846257768179,57689
9,705,-0.4665682631784327,50859
10,720,0.03985448871779014,18770
11,735,0.08049210330102738,8519
12,750,-0.4049409602885622,17743
13,765,-0.01701722142808909,12848
14,780,0.020416496529196363,11477
15,795,-0.18494055482167068,11227
16,810,-0.29832629545415773,11843
17,825,-0.35170189404336305,13123
18,840,0.020583190394511928,16008
19,856,0.19857573267597375,12881
20,870,-0.07366419406231477,11059
21,885,-0.3058682017355396,13365
22,900,-0.14110440004819058,10991
23,915,0.23262401606908645,26765
24,930,0.21499297632507544,34264
