,time,close,volume
0,570,0.6567463403674441,96177
1,585,-0.008642146017710906,35916
2,600,-0.10554546241022579,41667
3,615,0.07607323778072596,25015
4,630,-0.4620221284282508,33601
5,645,0.2676194651802779,40135
6,660,0.11335282819717744,25218
7,675,0.42213722044178736,15457
8,690,0.21148192087481615,44631
9,705,-0.044448144633996274,12404
10,720,-0.07601866037768226,14104
11,735,0.12207283105808542,14729
12,750,-0.017196313110473024,8606
13,765,-0.10328444536253233,14962
14,783,0.037856626630420775,11524
15,795,0.05503388023252675,18188
16,810,-0.10329511414110505,12306
17,825,-0.1349475552564496,14542
18,840,0.14779602152252005,11290
19,855,-0.0923156443831831,5764
20,870,0.12217996592728336,18332
21,885,0.1957921854873313,7886
22,900,0.2056731510840767,17580
23,915,-0.2233101434338346,22202
24,930,0.21084027563509516,35259
