,time,close,volume
0,570,-0.5604503799449573,157135
1,585,0.35469913463472735,154838
2,600,-0.23955417706835835,98257
3,615,-0.7853003964623297,95676
4,630,-0.41341295360588076,96371
5,645,-0.03829363559777236,189672
6,660,0.027818967431400027,172976
7,675,-0.01506024096386204,96358
8,690,0.015313153999285968,75411
9,705,0.11217049915872067,122497
10,720,-0.1122964626614256,70329
11,735,0.20630109772559463,47918
12,750,0.07263650139444304,144887
13,765,-0.2309634958291845,54323
14,780,0.2519083969465672,114528
15,795,0.4180919802356461,67769
16,810,-0.1751446847395669,49901
17,825,0.23550862265441183,60952
18,840,-0.22588832487309296,96460
19,855,-0.050787201625187565,93281
20,870,0.005078462241628614,78607
21,885,0.025385865150290093,57523
22,900,0.02030456852791474,81853
23,915,-0.22385022385022268,149519
24,930,-0.061087354917534385,106724
