,time,close,volume
0,570,0.24509803921567622,705000
1,585,-0.09540684203351939,443272
2,600,-0.3693570451436529,363180
3,615,0.3544165757906286,274783
4,630,0.08172160174339727,164365
5,645,0.33258671010656965,220371
6,660,-0.19722524483135234,279363
7,675,0.37940379403794194,161456
8,690,0.1758420127147432,254783
9,705,-0.10832769126609683,217903
10,720,0.020307317403371786,308891
11,735,0.20940286409078784,208421
12,750,-0.02702702702702165,184326
13,765,-0.013515339910805672,159751
14,780,0.027023375219578746,132828
15,795,-0.18274111675127597,292535
16,810,0.16891891891891891,158916
17,825,-0.18954779312212372,207411
18,840,0.10819583446037098,180790
19,855,0.020282604286391143,117899
20,870,0.06081081081081312,190608
21,885,-0.28459140804986277,161523
22,900,-0.020332090816673084,179557
23,915,0.0033885669750231794,223226
24,930,0.20627620722305343,227097
