,time,close,volume
0,570,0.10475317533062496,937583
1,585,0.5598958333333237,408176
2,600,0.38264478889681786,515387
3,615,0.006485084306090082,396497
4,630,-0.6330353064021399,325684
5,645,0.019574579146549094,247916
6,660,-0.3207436014924269,181687
7,675,0.2741693322018327,200508
8,690,-0.30184182440792795,228374
9,705,-0.28168089297439397,205831
10,720,-0.013133701076970209,231409
11,735,-0.30299038334870765,210996
12,750,0.2496714848883019,168254
13,765,-0.3560596070156878,156207
14,780,-0.3439190896928836,116588
15,795,0.2638247327438294,195314
16,810,-0.158625247851937,175240
17,825,0.07924976885482508,131969
18,840,-0.17200317544323296,163308
19,855,0.0,185582
20,870,0.26392187912378307,160133
21,885,0.03957261574990256,178907
22,900,-0.20487740400502427,236704
23,915,-0.14560857766893828,250228
24,930,-0.05960264900662477,286835
