,time,close,volume
0,570,0.17088080022229044,1813186
1,585,-0.23673583066425524,801805
2,600,1.1290100509431271,478573
3,615,-0.055241844939854394,956526
4,630,0.02768213744663179,789903
5,645,-0.5817980329685576,371555
6,660,-0.2221296681938034,316441
7,675,0.06936736958934124,259654
8,690,0.10394290069988613,487190
9,705,-0.42449547668755305,186343
10,720,0.06954102920724807,314726
11,735,0.138888888888881,460128
12,750,0.19213014946228058,130890
13,765,-0.16467647875590213,130789
14,780,-0.09728978457261038,108531
15,795,0.15957815860680621,127585
16,810,-0.2016129032258009,261619
17,825,-0.5030743432084955,223727
18,840,-0.30838239416876767,464709
19,855,-0.8624346104905972,770280
20,870,0.8411608019066232,521095
21,885,0.19588638589618101,325962
22,900,0.09784735812134104,261671
23,915,0.19531250000000078,298872
24,930,-0.2657714365645712,316251
