,time,close,volume
0,570,1.0382292209421173,80205
1,585,-0.16559278350515053,69083
2,600,0.9167751985494971,47873
3,615,0.6286993979457886,24623
4,630,0.6122397508165321,27493
5,645,-0.6958641795024849,50659
6,660,0.48776172965869485,22406
7,675,0.3563334172752507,21470
8,690,0.8489388264669107,27744
9,707,0.03244889299353405,22519
10,720,-0.5332429956964153,27003
11,735,-0.008771048162837011,24103
12,750,0.22284405048076894,31501
13,765,-0.4136127629081224,19028
14,780,0.040213634935601636,18329
15,795,-0.5598240913915925,15114
16,812,-0.7999592377458583,6148
17,825,-1.4499364904064833,12884
18,840,0.22434112125430924,40401
19,855,0.5921710374528961,10807
20,870,1.046383318747384,10820
21,885,0.35010111223459245,8996
22,901,0.783063899744735,14592
23,915,-0.3970965782791749,17412
24,930,0.09302793605272705,35011
