,time,close,volume
0,570,-1.4841976602060316,1055428
1,585,-1.0899783769471774,494848
2,600,0.9398496240601404,288634
3,615,-0.5096660808435838,314760
4,630,-0.2643171806167376,138874
5,645,-0.07053429730206162,177445
6,660,-0.14126787921596026,124920
7,675,0.12345679012345728,150483
8,690,-0.06176652254478725,93020
9,705,0.1397497193550779,122671
10,720,0.18592788038698116,129054
11,735,-0.2822367260539843,104142
12,750,-0.6927175843694504,79015
13,765,0.3363427155248802,123804
14,780,0.0884329678103947,82717
15,795,-0.6049822064056873,73351
16,810,-0.35732206664655863,90552
17,825,0.16953382654425916,166538
18,840,-0.1875334881228735,68767
19,855,-0.35848718408317415,53686
20,870,-0.6678106600697598,74736
21,885,0.07230436350523345,191783
22,900,-0.19873532068653918,105592
23,915,-0.39905677489569896,121202
24,930,-0.09077705156137303,174783
