,time,close,volume
0,570,0.8644650079257379,3595644
1,585,1.1646282275286315,1842020
2,600,1.8483231707317052,1555960
3,615,0.8408124704770907,2034277
4,630,-0.6944444444444346,1731014
5,645,0.6427221172022615,1561339
6,660,-0.3985576010628219,1227172
7,675,1.4126672279913977,880614
8,690,0.2333395557214859,1331431
9,705,0.630680764236684,1034838
10,720,0.7639208467556489,1089734
11,735,-0.9197490613952481,775499
12,750,-1.3554886085483009,945693
13,765,0.7688499014414838,781116
14,780,-0.7368718238283467,459893
15,795,1.2213010974791263,601007
16,810,-0.19914307004471518,503345
17,825,0.3711952487008219,385132
18,840,0.0927127758205028,885385
19,855,-1.1914813772398873,384307
20,870,0.4390061647674191,510850
21,885,-0.5447032306536422,423560
22,900,-0.09400263207370607,368730
23,915,0.056369785794816114,380235
24,930,-0.20711730370928158,435093
