,time,close,volume
0,570,-1.9413919413919325,1219053
1,585,1.408450704225354,499408
2,600,0.6993006993007003,453126
3,615,-0.40507696462328097,382397
4,630,-0.3704372967112365,286723
5,645,-1.5785609397944318,177071
6,660,-0.6651884700665178,178728
7,675,-0.1202478956618217,233032
8,690,0.21229462802289456,159049
9,705,-0.27767493520917913,125170
10,720,0.5522827687776088,104538
11,735,0.2753809436386976,96863
12,750,-0.08268259072117908,97979
13,765,-0.03676132708390041,77149
14,780,-0.3042035398230073,66716
15,795,-0.25878003696857776,81514
16,810,-0.07399186089529994,98401
17,825,0.05546311702717902,85381
18,840,0.3133063029856148,96272
19,855,-0.06454587367449809,114191
20,870,1.3193812556869906,102167
21,885,0.47092917949646446,128746
22,900,-0.8033595033777574,126920
23,915,-0.49541284403670294,117232
24,930,-0.1286055484108034,147200
