,time,close,volume
0,570,0.33310150444746334,59691
1,585,0.17356987557781328,20576
2,600,-0.1335528723015035,34487
3,615,-0.48532980366203143,23743
4,630,-0.06806600562924346,20497
5,645,-0.37402753947638623,25677
6,660,0.16141877442667885,33711
7,675,0.047908605122533796,27413
8,690,0.014738936585711937,13811
9,705,0.044197267135650455,53942
10,720,-0.30292955040821357,22113
11,735,-0.1646653962145435,14818
12,750,0.10165606979150425,12236
13,765,-0.061030866823237453,20779
14,781,-0.101080412615437,13320
15,795,-0.13050087124160287,9676
16,810,0.15546918378677,22689
17,825,0.125697807682366,10081
18,840,-0.2594610623077166,14677
19,855,-0.025952839982201232,9963
20,870,-0.17083859466687826,12467
21,885,0.04269141531322843,14664
22,900,0.016702546210383754,16967
23,915,0.1852400711321873,21408
24,930,-0.24511624452203262,34321
