,time,close,volume
0,570,-0.0885963802050287,41863
1,585,-0.09121082368441401,31756
2,600,-0.03548346217209133,17665
3,615,0.12042254465974259,15901
4,630,-0.34947288200177695,18990
5,645,-0.3177471944351096,22275
6,660,-0.07348609464059606,38154
7,675,-0.24991211530472546,21114
8,690,0.02875399361022655,11676
9,705,0.2186900276072291,15357
10,721,-0.11936982943520315,4826
11,735,0.19748228246655483,8551
12,752,-0.01655409710716285,4358
13,767,0.3504939933456926,4972
14,780,-0.05400013976507629,8274
15,798,-0.20945008212480193,2371
16,811,-0.0063666692133285616,4018
17,825,0.1512974711708315,5620
18,840,0.007627862037409465,9355
19,855,0.04701636677848996,10990
20,870,-0.08521029136833393,5107
21,885,0.04004551204226449,5788
22,903,0.24665525331303487,6379
23,915,-0.05456021925594452,12197
24,931,0.16720713417106428,12898
