,time,close,volume
0,570,0.4736051750028839,1087256
1,585,1.0021007178119608,644353
2,600,-0.2775092512639746,819349
3,615,0.1896531990385728,496931
4,630,0.31956609290804033,522411
5,645,0.07968536251710451,506111
6,660,0.14797951052930614,506525
7,675,-0.15139562138325086,765009
8,690,-0.1337899543379122,500158
9,705,0.3866272458494467,415601
10,720,0.2721705602177467,562406
11,735,-0.559245338101677,1045162
12,750,0.0916030534351115,286377
13,765,-0.11977414019276765,217498
14,780,-0.14851202376193484,191836
15,795,0.039968025579532475,211579
16,810,-0.20597322348093902,175237
17,825,-0.22938410368161813,241408
18,840,0.011467889908262746,223046
19,855,-0.16656136924932055,212474
20,870,0.06313856044081347,270701
21,885,0.12611786287548662,272676
22,900,0.13739409205404687,294212
23,915,0.17144816550461936,188476
24,930,0.6472859414035969,398559
