,time,close,volume
0,570,0.08185927323202412,68726
1,585,0.14571042718031424,23478
2,600,-0.593450593450582,23403
3,615,-0.9145516532279975,37949
4,630,0.2429280932843919,34562
5,645,0.176037363032157,36435
6,660,-0.5270673688453189,25998
7,675,0.21960360360360134,31054
8,690,0.15112262521589517,46165
9,705,-0.39737013221588857,29721
10,720,0.05776590367536465,26779
11,735,0.09378156110229076,23055
12,750,-0.057745055579625025,17997
13,765,0.09374774644839942,15649
14,780,0.10085728693899197,17523
15,795,-0.0072046109510020915,23605
16,810,-0.3470213996529918,20323
17,825,-0.014461315979741004,17913
18,840,0.18764434180137912,33137
19,855,0.014432096983699112,38759
20,870,0.05048683736025472,27832
21,885,-0.07939945142198185,45789
22,900,-0.32587442971973973,46170
23,915,-0.3561046511627973,41367
24,930,0.18859712752068716,55738
