,time,close,volume
0,570,2.6310183212611835,988656
1,585,0.22319056222766284,657102
2,600,0.686088241503052,885243
3,615,0.15818299274635497,517913
4,630,-0.31726398139338247,540305
5,645,-0.12702445220705466,998605
6,660,0.5892875933915629,277202
7,675,-0.07371524852570281,299060
8,690,-0.11597258829731094,294374
9,705,-0.46605232496557325,398509
10,720,-0.08480865048234738,273541
11,735,0.013249595887328448,151227
12,750,-0.3003402083776301,128586
13,765,-0.12774111134767355,152443
14,780,-0.021294718909706155,151784
15,795,-0.042607584149985354,173578
16,810,0.0957752474193928,412222
17,825,-0.03193527783691839,425817
18,840,0.042562247286663385,165406
19,855,0.01063942972655698,231103
20,870,-0.010640561821654506,181805
21,885,0.5923418658768799,251290
22,900,0.41607415600147046,215139
23,915,0.8304606706361659,203859
24,930,0.0313283208020062,554758
