,time,close,volume
0,570,-0.8116310254781606,93875
1,585,0.9680237637602593,71637
2,600,-0.08744316194473592,76914
3,615,-1.6677927527470566,74052
4,630,0.8217535444734574,64899
5,645,0.11625039630816363,47475
6,660,-0.25782298509571877,27523
7,675,-0.711389343387636,46301
8,690,-0.028463673237025575,34051
9,705,0.629331070569924,31667
10,720,-0.32989251888898935,31105
11,735,0.34642440524584167,23252
12,750,-0.5866875266676067,24810
13,765,0.031990900366109194,20019
14,780,-0.11031243327877102,20653
15,795,0.05334850802007116,40507
16,810,0.1243250923557708,17809
17,825,-0.21358393848781354,24630
18,840,0.0035596055956967593,21245
19,855,-0.07480763750355497,23950
20,870,0.11386279533162294,39405
21,885,0.14567418724461473,35966
22,900,-0.03554291807356172,43526
23,915,-0.30303030303031114,31082
24,930,0.02851236723928437,62365
