,time,close,volume
0,570,1.0393603936039346,387923
1,585,1.100906270908097,502788
2,600,0.33945565860459614,277950
3,615,-0.5301645338208437,159108
4,630,-0.9908302049356792,155544
5,645,-1.2840491179953888,177107
6,660,0.4406106491249718,413252
7,675,-0.5491076999875175,220847
8,690,-0.47648902821316047,207799
9,705,0.2626313156578211,204988
10,720,-0.3325177238220724,134643
11,735,0.8707009142359634,137246
12,750,-0.1682033391477584,273119
13,765,1.1698066740549053,129014
14,780,0.11512405354745575,96783
15,795,0.7160825497618728,92243
16,810,0.8835633018639603,93649
17,825,-0.48649963512528055,208623
18,840,-0.29275433032446313,102733
19,855,0.2069385270846034,129358
20,870,-0.47700587084148793,147396
21,885,0.04889975550121276,122120
22,900,0.7155037959934227,132963
23,915,-0.035818358426419075,141821
24,930,-0.5125701732975368,228753
