,time,close,volume
0,570,0.20132088362560113,223358
1,585,-0.01184380751080603,133471
2,600,0.2163636363636463,91054
3,615,0.32078583467748917,77729
4,630,-0.47893069162690666,78410
5,645,0.16249910460049102,74973
6,660,-0.33817359261558105,52387
7,675,0.1857246904588666,41008
8,690,-0.007283851700793449,33490
9,705,-0.16780971837150865,47614
10,720,0.19660671375519564,44159
11,735,0.564749215253988,173769
12,750,-0.43448777383874404,48087
13,765,0.1942225328621592,42030
14,780,-0.23377922467649045,33767
15,795,0.23497178524122422,34873
16,810,-0.07353942530300471,28401
17,825,-0.025863512577416366,25857
18,840,0.04672863263380929,39898
19,855,0.06259241452505306,32135
20,870,0.21272358606707004,33904
21,885,0.0452398617469825,50548
22,900,-0.49700196643940475,49759
23,915,-0.01584241255753609,50904
24,930,0.04908555430316362,88325
