,time,close,volume
0,570,-0.03034594375885205,165782
1,585,0.6532006833484129,133011
2,600,0.6687961668995824,163290
3,615,0.0,196646
4,630,0.09972078181092373,223427
5,645,0.18911117746590794,209135
6,660,-0.4137682897577372,142688
7,675,0.2432701894317047,179214
8,690,0.1940395044529652,125983
9,705,-0.14449427005481838,127190
10,720,0.3673550436854692,109293
11,735,-0.31872509960158685,108592
12,750,0.1193792280143159,95669
13,765,0.10931133856702717,87551
14,780,0.0298032982316721,98427
15,795,-0.049696849219756645,78389
16,810,0.019874788830364722,94208
17,825,0.03973378364955424,87996
18,840,0.28724247226623617,83820
19,855,-0.2283331678745059,143629
20,870,0.2327539246273455,148453
21,885,0.004951965930469895,142410
22,900,0.06433414163408495,176773
23,915,-0.07924322718042523,146411
24,930,-0.39280031821797534,213896
