,time,close,volume
0,570,-0.10390314419948941,39291
1,585,-0.11306589480349148,17232
2,600,0.24812776324099206,16422
3,615,0.475933908045978,18079
4,630,0.3052792723431249,28814
5,645,-0.10844237318515425,49058
6,660,-0.3958970667626397,26013
7,675,-0.09907232279564031,35358
8,690,-0.18949648077964987,21694
9,705,-0.23063356396689322,27532
10,720,-0.5220436618335396,15363
11,735,-0.6320219579139944,38607
12,750,0.1461721176685516,43324
13,765,-0.02741478570774644,28419
14,780,0.13688629311917455,30681
15,795,-0.11877569666513975,19789
16,810,-0.06399707441946187,24681
17,825,-0.10982976386599884,25120
18,840,-0.15583463195526787,25929
19,855,0.07328020518457296,27229
20,870,-0.07333394444953552,35985
21,885,-0.18974425853712207,30875
22,900,-0.38111920346639233,40919
23,915,-0.05534544783691751,48877
24,930,0.5914446838751183,64489
