,time,close,volume
0,570,-0.2413127413127413,101772
1,585,-0.03862495171880266,44009
2,600,-0.1256888717006627,39460
3,615,0.15445506323003821,42566
4,630,0.05788712011577643,146740
5,645,-0.019299430666805204,106510
6,660,-0.004825090470441933,95790
7,675,0.15897485306870243,27215
8,690,0.17312686351831547,23260
9,705,0.2972765630993501,64551
10,720,0.038343558282200964,39452
11,736,0.009680811194476413,23067
12,750,0.23895582329316953,19420
13,765,0.36204268292682495,23795
14,780,-0.014293201200629444,32777
15,795,0.17037006737751417,30250
16,810,-0.29968514454727246,32235
17,825,-0.0668321558144046,68296
18,840,0.009546539379479824,60748
19,855,0.057246445949816115,30971
20,870,0.1524245022387316,29197
21,885,-0.009527439024395118,88159
22,900,-0.028590488897347683,59609
23,915,0.23768777334093935,56329
24,930,-0.228702115494577,98359
