,time,close,volume
0,570,0.3203261502620834,132920
1,585,0.25174283501162387,92554
2,600,0.14502562119308293,74274
3,615,0.2604626225047028,57523
4,630,-0.45052550007265624,173477
5,645,0.33307588337516786,138323
6,660,-0.17408123791101798,104591
7,675,0.1352134440795833,57167
8,690,-0.02415108921412905,47446
9,705,0.024145257871359554,40359
10,720,-0.07732456988209213,36841
11,735,0.14477367049513143,34262
12,750,0.1541871446468118,44152
13,765,-0.019277108433731104,42367
14,780,-0.2124987926204954,40951
15,795,0.07721262426406553,35529
16,810,-0.15466408893184785,75283
17,825,0.07727228822563344,64685
18,840,-0.10636240572423075,45610
19,855,-0.048369933249489364,40146
20,870,-0.07260758023137891,31755
21,885,0.1980676328502399,36331
22,900,0.16879672052085573,98573
23,915,-0.009646457338533646,118306
24,930,-0.09172540310902103,106904
