,time,close,volume
0,570,0.1073059360730656,8010
1,585,0.5822069388172002,2707
2,600,0.28743761811535573,12432
3,616,-0.0011316569721375761,28783
4,630,-0.09741730856366262,7535
5,647,-0.027193618564177974,5877
6,660,0.19902297810748423,13830
7,675,-0.0441211408143292,6376
8,691,-0.22816185363305894,2535
9,706,-0.004286297455443045,5189
10,721,0.04420415519058637,5248
11,735,0.26339588514583323,5882
12,750,0.18955634788102518,5231
13,766,0.058637798827241974,5546
14,780,0.0968839420498855,7349
15,795,-0.05184851217312023,8063
16,810,-0.07670441727203714,9188
17,826,-0.06094945709835026,6563
18,840,-0.06324682071785809,9308
19,855,0.1150670096114904,6953
20,870,0.275624655469173,6753
21,885,-0.2944893261723173,3289
22,900,-0.009027307605498448,7869
23,915,0.06765899864680977,11040
24,930,-0.10385153745427812,12520
